timestamp,text,like_count,reply_count,author,trailer_id,sentiment_score,datetime,used_for_model,used_for_visualization
2016-04-13T16:20:52,I WAS FIRST,1,1,chronicmp3,ESvqjimH5wA,0.25,2016-04-13 16:20:52,True,True
2016-04-13T16:20:55,first,0,0,Niklass Neik≈°ƒÅns,ESvqjimH5wA,0.25,2016-04-13 16:20:55,True,True
2016-04-13T16:21:29,third,0,0,Error de Animaci√≥n,ESvqjimH5wA,0.0,2016-04-13 16:21:29,True,True
2016-04-13T16:21:44,"The sequel is called ""The Baby Will Fall""",108,7,PJ's Channel,ESvqjimH5wA,0.0,2016-04-13 16:21:44,True,True
2016-04-13T16:23:30,Looks good,0,0,Luke Mcevoy,ESvqjimH5wA,0.7,2016-04-13 16:23:30,True,True
2016-04-13T16:25:37,I'll pass,0,0,Preston Livingston,ESvqjimH5wA,0.0,2016-04-13 16:25:37,True,True
2016-04-13T16:27:11,Is she in Paper Towns?,0,0,Matilda Gilles,ESvqjimH5wA,0.0,2016-04-13 16:27:11,True,True
2016-04-13T16:27:21,Looks good but why give so much of the plot away in the trailer.,80,5,Luvie1980,ESvqjimH5wA,0.44999999999999996,2016-04-13 16:27:21,True,True
2016-04-13T16:27:59,It only took 2 and half minutes to show the entire movie. I'll never understand trailers like this.,96,4,KENNETH,ESvqjimH5wA,-0.05555555555555555,2016-04-13 16:27:59,True,True
2016-04-13T16:28:14,"PLEASE, SOMEONE SAY ME SIMILAR MOVIES, PLESE!!",0,0,Paul Georgescu,ESvqjimH5wA,0.0,2016-04-13 16:28:14,True,True
2016-04-13T16:28:55,"Doesn't look bad. The acting looks decent, but bad make up effects. Trailers can be deceiving. I have a feeling that this might end up being in the same category as those lame Jennifer Lopez movies that no one cares about. Hopefully it's not a cliche try hard drama.",22,2,Nostalgic_Chaos,ESvqjimH5wA,-0.2892857142857142,2016-04-13 16:28:55,True,True
2016-04-13T16:29:05,this looks like a horror romance movie,0,0,Saul Diaz,ESvqjimH5wA,0.0,2016-04-13 16:29:05,True,True
2016-04-13T16:29:06,So it's just a rip off of the deadly adoption,1,2,Calum Bourne,ESvqjimH5wA,-0.2,2016-04-13 16:29:06,True,True
2016-04-13T16:29:31,Black Fatal Attraction,0,0,agb1953,ESvqjimH5wA,-0.16666666666666666,2016-04-13 16:29:31,True,True
2016-04-13T16:30:36,So much trouble for a baby. don't they know a baby is worse than anything they face?,3,5,Shark Team,ESvqjimH5wA,-0.30000000000000004,2016-04-13 16:30:36,True,True
2016-04-13T16:31:34,HOLD THIS L FOR MAKING YET ANOTHER CORNY LOVE DRAMA,6,2,Waye2Marvel,ESvqjimH5wA,0.5,2016-04-13 16:31:34,True,True
2016-04-13T16:31:43,Happiest black guy to become father.,0,0,Shisha CEO,ESvqjimH5wA,-0.16666666666666666,2016-04-13 16:31:43,True,True
2016-04-13T16:31:53,At last a different story line for black cast movies..  finally,0,5,Marie Nerissa- Davis,ESvqjimH5wA,-0.041666666666666664,2016-04-13 16:31:53,True,True
2016-04-13T16:33:17,"I love how throughout this i see no baby bump, but then there's suddenly a baby ü§î",12,1,Toyo Bolusire,ESvqjimH5wA,0.25,2016-04-13 16:33:17,True,True
2016-04-13T16:33:34,The hand that rocks the cradle kinda!?!,0,0,mrIlovethe90s1,ESvqjimH5wA,0.0,2016-04-13 16:33:34,True,True
2016-04-13T16:35:07,"seriously what's up with hollywood lately, giving so much of the plot in the trailers?! who thought this was a good idea, and why the heck is it becoming something normal in every trailer? please stop it!!!!!",0,0,Starlyn Morel,ESvqjimH5wA,0.20407172309027777,2016-04-13 16:35:07,True,True
2016-04-13T16:35:41,these trailers always give the entire plot away,1,0,„ÄåAkim Lai-Fang„Äç,ESvqjimH5wA,0.0,2016-04-13 16:35:41,True,True
2016-04-13T16:36:04,"This is just ""The Perfect Guy"" all over again",4,7,Multifanprotectoroftheidols,ESvqjimH5wA,1.0,2016-04-13 16:36:04,True,True
2016-04-13T16:37:29,haven't we seen these movies OVER AND OVER AGAIN?,0,1,Tahmar Gaither,ESvqjimH5wA,0.0,2016-04-13 16:37:29,True,True
2016-04-13T16:39:51,this movie just like the one bollywood movie in the 90's...mehh,0,0,Amir Nasa,ESvqjimH5wA,0.0,2016-04-13 16:39:51,True,True
2016-04-13T16:40:10,Black movies are getting better and better :),0,0,Simple living with Linda,ESvqjimH5wA,0.33333333333333337,2016-04-13 16:40:10,True,True
2016-04-13T16:45:07,"Interesting idea for a movie, but why does the guy playing the father always ends up in movies like these",7,2,Owen Passier,ESvqjimH5wA,0.5,2016-04-13 16:45:07,True,True
2016-04-13T16:45:16,I want to see this! Can't wait!,0,2,kshel104,ESvqjimH5wA,0.0,2016-04-13 16:45:16,True,True
2016-04-13T16:47:04,"I'm pretty sure a simple pre contract would have solved this,  with no problems.",29,5,LEGIT_ELITE,ESvqjimH5wA,0.25,2016-04-13 16:47:04,True,True
2016-04-13T16:48:42,"So basically similar to that movie Beyonce was in years ago, and 'The Perfect Guy'...  Thank god Black Panther is happening.",0,0,Unoculus,ESvqjimH5wA,0.2777777777777778,2016-04-13 16:48:42,True,True
2016-04-13T16:49:47,How is it her baby when it's their egg/sperm?¬†¬† That's some scary mess but this looks really good.,0,6,FlashyEyes,ESvqjimH5wA,0.008333333333333304,2016-04-13 16:49:47,True,True
2016-04-13T16:50:03,"Plot unvailed, well done.",0,0,Becciu Maxim,ESvqjimH5wA,0.0,2016-04-13 16:50:03,True,True
2016-04-13T16:50:07,Gambit?,0,0,The Thingy,ESvqjimH5wA,0.0,2016-04-13 16:50:07,True,True
2016-04-13T16:51:18,Ironically this looks pretty good but I had to stop the trailer half way.,4,0,Twelve K,ESvqjimH5wA,0.2611111111111111,2016-04-13 16:51:18,True,True
2016-04-13T16:51:44,pretty sure there's a bunch of legal documents that they sign meaning the baby is theirs.,0,1,KYZA619,ESvqjimH5wA,0.31666666666666665,2016-04-13 16:51:44,True,True
2016-04-13T16:53:30,Trois pt 4,0,0,vegitausa,ESvqjimH5wA,0.0,2016-04-13 16:53:30,True,True
2016-04-13T16:54:45,I just saw the entire movie here for free...https://www.youtube.com/watch?v=ESvqjimH5wA  ENJOY!!! ;p,159,20,K D,ESvqjimH5wA,0.390625,2016-04-13 16:54:45,True,True
2016-04-13T16:56:21,"So kinda like The Perfect Guy......but this time, the chicks crazy",2,1,Axl Jenkins,ESvqjimH5wA,0.2,2016-04-13 16:56:21,True,True
2016-04-13T17:00:18,Baby has Fallen:¬† I Just Want Dick.¬† Starring the regular people we see usually see in these type of shows. Guessing starting crazy lady for slightly different plot.,0,0,lilmario0,ESvqjimH5wA,-0.16999999999999998,2016-04-13 17:00:18,True,True
2016-04-13T17:01:32,Thanks for telling the whole entire movie!,0,0,Momentie 305,ESvqjimH5wA,0.13333333333333333,2016-04-13 17:01:32,True,True
2016-04-13T17:03:53,This looks horrible .,0,0,The Modern Portfolio,ESvqjimH5wA,-1.0,2016-04-13 17:03:53,True,True
2016-04-13T17:03:55,its that chick from scary movie,0,0,2Good,ESvqjimH5wA,-0.5,2016-04-13 17:03:55,True,True
2016-04-13T17:07:59,Oh my God. It looks so great. Regina Hall is so great.,0,0,Ceo Yes,ESvqjimH5wA,0.8,2016-04-13 17:07:59,True,True
2016-04-13T17:08:08,feels like ive seen a movie with this exact plot 1000 times,0,0,Limbos Finest,ESvqjimH5wA,0.25,2016-04-13 17:08:08,True,True
2016-04-13T17:11:08,"Well I won't bother with this Movie, as Its just been shown in the trailer... Hmmm...",0,0,Dominic Bravo,ESvqjimH5wA,0.0,2016-04-13 17:11:08,True,True
2016-04-13T17:15:19,"looks shit, and the whole movie is in the trailer anyway",0,0,WoW MAN 669,ESvqjimH5wA,0.0,2016-04-13 17:15:19,True,True
2016-04-13T17:16:01,Be careful who the hell you give your baby to. This is like a messed up version of Obsessed,0,0,Loud Packs,ESvqjimH5wA,-0.3,2016-04-13 17:16:01,True,True
2016-04-13T17:16:44,"isn't there like a hundred white versions of this movie? unoriginal piece of shit movie right here.   I'm not being racist, just honest. this movie has been done over and over, and making it with a black cast doesn't freshen up a plot in anyway.",0,9,Nick Bruns,ESvqjimH5wA,0.05317460317460317,2016-04-13 17:16:44,True,True
2016-04-13T17:19:05,"Looks like some solid performances by some great actors, Too bad it's ruined by a predictable plot. Not for me. Hope it does well, though",0,0,rebel4669,ESvqjimH5wA,-0.024999999999999953,2016-04-13 17:19:05,True,True
2016-04-13T17:23:12,I'm pretty sure there's be a movie or two with this plot on lifetime,0,0,MD1013,ESvqjimH5wA,0.375,2016-04-13 17:23:12,True,True
2016-04-13T17:29:35,Well that escalated quickly!,0,0,King Ramesses II,ESvqjimH5wA,0.41666666666666663,2016-04-13 17:29:35,True,True
2016-04-13T17:30:28,This looks hilarious,0,0,Geo's Universe,ESvqjimH5wA,0.5,2016-04-13 17:30:28,True,True
2016-04-13T17:32:05,I feel like I've seen some version of this already.. past!!,0,0,Jamil Belle,ESvqjimH5wA,-0.390625,2016-04-13 17:32:05,True,True
2016-04-13T17:34:03,Hmm..interesting.,0,0,w jones,ESvqjimH5wA,0.0,2016-04-13 17:34:03,True,True
2016-04-13T17:36:53,All this obsessed thriller movies we get the boy next door no good deed the perfect guy obsessed,0,0,jalisha turner,ESvqjimH5wA,-0.06999999999999999,2016-04-13 17:36:53,True,True
2016-04-13T17:37:18,interesting. ..,0,0,KILLAWATTS 804,ESvqjimH5wA,0.5,2016-04-13 17:37:18,True,True
2016-04-13T17:37:35,Easy solution. Make a love triangle. Everybody wins.,0,0,Eliano55,ESvqjimH5wA,0.41111111111111115,2016-04-13 17:37:35,True,True
2016-04-13T17:40:26,"I really like that it has a cast of people of color but they don't treat it like a stereotypical 'black' movie that hollywood has a horrible habit of producing. Instead in this movie, the plot is the plot, and the characters are the characters who could easily be played by any race. The treat the characters like actual people who just happen to have more melanin then others. Geez I hope people understand, that paragraph seems a tad confusing.",6,1,Sabrina,ESvqjimH5wA,-0.10416666666666669,2016-04-13 17:40:26,True,True
2016-04-13T17:40:51,Will Ferrell and Kristen Wiig made a movie with the same plot for Lifetime last year. I think it was called A Deadly Adoption.,0,0,blanktoe,ESvqjimH5wA,-0.06666666666666667,2016-04-13 17:40:51,True,True
2016-04-13T17:41:49,Well......you could also just adopt a baby......just saying.,0,1,Kioumaars Taeed,ESvqjimH5wA,0.0,2016-04-13 17:41:49,True,True
2016-04-13T17:50:04,It'll be on Netflix by July..,0,0,Mark C,ESvqjimH5wA,0.0,2016-04-13 17:50:04,True,True
2016-04-13T17:54:35,"Ok, since we saw the whole movie in this trailer, let's review it: I thought the plot was very simple. You could see everything coming from a mile away. The leading actors were good in their own right, but they could only do so much with this material....ummmm what else???? The editing cuts to make her seem crazy was a little bothersome.  I'd give it 2 out of 5 stars. Redbox rental at best.",0,0,David A.,ESvqjimH5wA,0.24529220779220778,2016-04-13 17:54:35,True,True
2016-04-13T17:54:53,Phil can be so serious,2,0,–ö—É–Ω–≥-–§—É –ü–∞–¥–ª–∞,ESvqjimH5wA,-0.3333333333333333,2016-04-13 17:54:53,True,True
2016-04-13T18:11:09,"I'm pretty sure I read a book or saw a movie with this EXACT same plot line !! I'm excited to see it, now all day I'll be thinking about what this reminds me of",0,0,Curly Wishes Caviar Dreams,ESvqjimH5wA,0.275,2016-04-13 18:11:09,True,True
2016-04-13T18:12:44,"Actually looks decent. With  the evil boyfreind, surrogate mom being kind of hot and living with the couple, it's a little more complicated than the typical fatal attraction story. Plus it's hard to go wrong with Chestnut and Hall. I wish the trailer wouldn't have shown as much as it did though.",0,0,Buc_Jodi,ESvqjimH5wA,-0.07743055555555556,2016-04-13 18:12:44,True,True
2016-04-13T18:13:45,"No wonder ""they"" don't get any Oscars...",2,0,Z zz,ESvqjimH5wA,0.0,2016-04-13 18:13:45,True,True
2016-04-13T18:16:39,"The acting is decent. However, this is yet another corny love drama movie.",0,0,CityScape 2050,ESvqjimH5wA,0.2222222222222222,2016-04-13 18:16:39,True,True
2016-04-13T18:18:04,Did you know Ben Affleck will starr and direct his first Barman movie ?,0,1,CityScape 2050,ESvqjimH5wA,0.175,2016-04-13 18:18:04,True,True
2016-04-13T18:18:26,"*Plot Twist* : The cover pulls back and.......Medea appears, destined to prevent there from ever being a good ""Black"" movie.",1,1,W.K.M the BodyGaurd,ESvqjimH5wA,0.17777777777777778,2016-04-13 18:18:26,True,True
2016-04-13T18:33:10,"Looks like something i've seen before such as  ""Obsessed"", ""The perfect guy"" , or ""No good deed"".",0,1,J Doe,ESvqjimH5wA,0.037500000000000006,2016-04-13 18:33:10,True,True
2016-04-13T18:36:18,kinda looks really Clich√®. Screen Gems rarely produces good films.,0,0,Along For The Ride,ESvqjimH5wA,0.39999999999999997,2016-04-13 18:36:18,True,True
2016-04-13T18:40:30,so this is obessesed with a baby on the way,101,2,Xavier Bailey,ESvqjimH5wA,0.0,2016-04-13 18:40:30,True,True
2016-04-13T19:12:07,Regina *_* ‚ù§Ô∏è,0,0,Sebastian R,ESvqjimH5wA,0.0,2016-04-13 19:12:07,True,True
2016-04-13T19:18:12,beat that psycho aint even pregnant. so we really getting one of these a year? lol ok...like the switch up with the female being a villain this time. im down!,0,0,serenityq26,ESvqjimH5wA,0.2277777777777778,2016-04-13 19:18:12,True,True
2016-04-13T19:21:41,just watched the movie in 2.26 ... great job guys!,260,4,NoOrdinaryGirl,ESvqjimH5wA,1.0,2016-04-13 19:21:41,True,True
2016-04-13T19:27:47,Tyler Perry needs to chill,3,0,Old Creepy Guy,ESvqjimH5wA,0.0,2016-04-13 19:27:47,True,True
2016-04-13T19:29:26,JUICE is alive?,0,0,Kenneth L,ESvqjimH5wA,0.1,2016-04-13 19:29:26,True,True
2016-04-13T19:31:37,why it gotta come out in September like anyone is about to be waiting for this lol,0,1,William James,ESvqjimH5wA,0.8,2016-04-13 19:31:37,True,True
2016-04-13T19:36:39,"horrible trailer. also, way to ruin a great song. why not just use the original and make the trailer suit it?",0,0,Surago,ESvqjimH5wA,0.05833333333333335,2016-04-13 19:36:39,True,True
2016-04-13T19:36:49,The Bough Breaks when The Perfect Guy does No Good Deed. seriously why is lionsgate and screen gems doing these black thrillers every September??? Put us in good Oscar movies plzz,64,24,Dre5ds,ESvqjimH5wA,0.16999999999999998,2016-04-13 19:36:49,True,True
2016-04-13T19:42:41,I want my 'Baby back baby back baby back Ribbs!!!!!,0,0,patricblack1,ESvqjimH5wA,0.0,2016-04-13 19:42:41,True,True
2016-04-13T19:43:57,Yup we all seen the plot wow,0,0,patricblack1,ESvqjimH5wA,0.1,2016-04-13 19:43:57,True,True
2016-04-13T20:02:26,This looks amazing even though they kinda showed everything,4,0,Sara Djaroud,ESvqjimH5wA,0.6000000000000001,2016-04-13 20:02:26,True,True
2016-04-13T20:06:52,Is the song the theme song for Jessica jones,0,0,Jordy Ed,ESvqjimH5wA,0.0,2016-04-13 20:06:52,True,True
2016-04-13T20:14:02,Is this Scary Movie 6?,7,0,Eric Herrera,ESvqjimH5wA,-0.5,2016-04-13 20:14:02,True,True
2016-04-13T20:16:09,BRENDA,0,0,Lana Del Taco,ESvqjimH5wA,0.0,2016-04-13 20:16:09,True,True
2016-04-13T20:29:32,cidney the tvs leaking,0,0,killpop69,ESvqjimH5wA,0.0,2016-04-13 20:29:32,True,True
2016-04-13T20:29:44,Is this a Lifetime movie?,0,0,Sk Rates,ESvqjimH5wA,0.0,2016-04-13 20:29:44,True,True
2016-04-13T20:31:49,looks like some fun by the books type of bullshit.,0,0,Paul Jazzman,ESvqjimH5wA,0.3,2016-04-13 20:31:49,True,True
2016-04-13T20:34:54,Seems like adoption would be way easier,0,0,PrankCaster,ESvqjimH5wA,0.0,2016-04-13 20:34:54,True,True
2016-04-13T20:44:11,This movie looks terrible,0,0,Moksha Mahey,ESvqjimH5wA,-1.0,2016-04-13 20:44:11,True,True
2016-04-13T20:47:13,Umm Obsession 2?,0,0,Mazon White,ESvqjimH5wA,0.0,2016-04-13 20:47:13,True,True
2016-04-13T20:53:05,"So a twist on the movie Single White Female?    Of course the MacGuffin of the movie is going to be largely swept over by many,  I'm rich like that, I can't have a kid or what not, then adopt or something.",0,0,Mike B,ESvqjimH5wA,0.16964285714285712,2016-04-13 20:53:05,True,True
2016-04-13T20:55:28,Looks good!!,0,0,Carmen Lopez,ESvqjimH5wA,1.0,2016-04-13 20:55:28,True,True
2016-04-13T21:01:42,The (black) Hand That Rocks The Cradle.,42,11,terry fuckwitt,ESvqjimH5wA,-0.16666666666666666,2016-04-13 21:01:42,True,True
2016-04-13T21:14:48,Looks like a Tyler Perry predictable movie.. #BOOOOOOO,0,0,Captain Noah,ESvqjimH5wA,-0.2,2016-04-13 21:14:48,True,True
2016-04-13T21:30:33,goddamn Regina hall is lookin bangin!,0,0,xxthehuskycaboosexx,ESvqjimH5wA,0.0,2016-04-13 21:30:33,True,True
2016-04-13T21:34:19,FFS,0,0,linden87,ESvqjimH5wA,0.0,2016-04-13 21:34:19,True,True
2016-04-13T21:41:32,Looks good!,0,0,Blindianswirl Two,ESvqjimH5wA,0.875,2016-04-13 21:41:32,True,True
2016-04-13T21:45:09,All I'm thinking is dang them curls is beautiful üòª,0,0,Janae smith,ESvqjimH5wA,0.85,2016-04-13 21:45:09,True,True
2016-04-13T21:46:31,i wish the other woman is Ana Faris!!!,0,0,Lianologist,ESvqjimH5wA,-0.244140625,2016-04-13 21:46:31,True,True
2016-04-13T22:21:52,Blah this looks like a black version of The Hand That Rocks the Cradle (im black) by thw way and its like i already know whats going to happen i need a good movie to come out that leave me wondering whats going to happen next and wanting to see it can i get that pleaseeee.,0,0,riz1738,ESvqjimH5wA,0.09166666666666666,2016-04-13 22:21:52,True,True
2016-04-13T22:21:55,Anyone else spot the music from Luther??,0,0,KCUFDNIM,ESvqjimH5wA,0.0,2016-04-13 22:21:55,True,True
2016-04-13T22:36:16,http://perezhilton.com/2016-03-07-surrogate-mother-keeps-baby-forces-parents-to-pay-child-support-family-controversy-story#.Vw7IjfkrLIU,0,0,Ike U,ESvqjimH5wA,0.0,2016-04-13 22:36:16,True,True
2016-04-13T22:51:42,why did they show the entire plot points though?,0,0,yellowgal06,ESvqjimH5wA,0.0,2016-04-13 22:51:42,True,True
2016-04-13T23:07:23,Morris Chestnut always in these type of movies üòÇüòÇ,109,1,Kayla Shield,ESvqjimH5wA,0.0,2016-04-13 23:07:23,True,True
2016-04-13T23:10:34,didnt will ferrell make this movie already,0,0,TheFtjz,ESvqjimH5wA,0.0,2016-04-13 23:10:34,True,True
2016-04-13T23:30:32,‚ò∫,0,0,skinnyshavoo aka Jonathan blakely Williams jr,ESvqjimH5wA,0.0,2016-04-13 23:30:32,True,True
2016-04-13T23:31:53,I think I've seen this movie on Lifetime  :p,0,0,ami,ESvqjimH5wA,0.75,2016-04-13 23:31:53,True,True
2016-04-13T23:32:32,I can't  wait,0,0,skinnyshavoo aka Jonathan blakely Williams jr,ESvqjimH5wA,0.0,2016-04-13 23:32:32,True,True
2016-04-13T23:47:21,What happened to adopting a child from the orphanage? ,0,0,Raine Bursqe,ESvqjimH5wA,0.0,2016-04-13 23:47:21,True,True
2016-04-14T00:00:14,The movie has the same feel as The Perfect Guy.,51,1,Frannard Acklin,ESvqjimH5wA,0.5,2016-04-14 00:00:14,True,True
2016-04-14T00:24:11,I It s like the fact that thisalthough  is a predominantly black cast does not inform the characterization or the plot. It's already superior to  anything Typer Perry has made. Unfortunately I doubt if it will do as well at the box office as Tyler Perry movies .,0,0,PredeKing,ESvqjimH5wA,0.011111111111111108,2016-04-14 00:24:11,True,True
2016-04-14T00:30:03,This actually looks pretty good,32,0,SebastianSux,ESvqjimH5wA,0.31666666666666665,2016-04-14 00:30:03,True,True
2016-04-14T00:33:43,Such an interesting premise!!!,0,0,ChaosKitchen,ESvqjimH5wA,0.48828125,2016-04-14 00:33:43,True,True
2016-04-14T00:38:20,How many generic black love triangle thrillers can Hollywood produce.    Why can't we get more shows like luther.,1,2,Reginald Britt,ESvqjimH5wA,0.2666666666666667,2016-04-14 00:38:20,True,True
2016-04-14T00:48:36,ok...ok...I'm pretty interested. Might just check it out.,8,0,22aryel,ESvqjimH5wA,0.25,2016-04-14 00:48:36,True,True
2016-04-14T00:48:41,Amazing I can't wait to see the moviüòØüòØüòØüòØüòØüòØüòØüòØüòØüòØ,0,0,ponies,ESvqjimH5wA,0.6000000000000001,2016-04-14 00:48:41,True,True
2016-04-14T00:57:58,Why this movie only last for 2:26?,0,0,Agent HO,ESvqjimH5wA,0.0,2016-04-14 00:57:58,True,True
2016-04-14T01:12:16,Looks good adding the surrogacy touch to the psycho woman movie,0,0,Frdkrgr1771,ESvqjimH5wA,0.7,2016-04-14 01:12:16,True,True
2016-04-14T01:12:29,You guys can tell this this is the perfect guy part 2. LOL.,9,0,Killer X9 Rodgers,ESvqjimH5wA,0.9,2016-04-14 01:12:29,True,True
2016-04-14T01:14:57,Thanks for showing us the movie   Luke Cage - Jessica Jones Brenda - Scary Moive And the guy - SOA,0,0,Kaizen Mckenzie,ESvqjimH5wA,-0.15,2016-04-14 01:14:57,True,True
2016-04-14T01:32:36,"0:13 ""This isn't going to happen.""  1:23. Welp, saw that coming LOL",1,0,Mai V,ESvqjimH5wA,0.8,2016-04-14 01:32:36,True,True
2016-04-14T02:12:09,And the award for best trailer that gives the entire plot of the movie goes to....,0,0,S.L Jones,ESvqjimH5wA,0.5,2016-04-14 02:12:09,True,True
2016-04-14T02:21:42,its juice from sons,0,0,Kaya Ilah,ESvqjimH5wA,0.0,2016-04-14 02:21:42,True,True
2016-04-14T02:24:01,holy shit is that brenda from scary movie,20,1,valentine garcia,ESvqjimH5wA,-0.35,2016-04-14 02:24:01,True,True
2016-04-14T02:41:07,"All he had to do was bang her crazy preggo brains out, but NOOOOOO",1,0,Tetsu Hoshi,ESvqjimH5wA,-0.6,2016-04-14 02:41:07,True,True
2016-04-14T02:47:15,Thrillsss...So for all young Mama And Papa Whom Ain't Got Baby...Be Adopted...!!!!!,0,0,Deny Boyoh,ESvqjimH5wA,0.30517578125,2016-04-14 02:47:15,True,True
2016-04-14T02:51:13,"another screen gems suspense fall release?  OK, I'm in",0,0,Sean Ceasar,ESvqjimH5wA,0.5,2016-04-14 02:51:13,True,True
2016-04-14T03:00:30,Cinnnddyy the TV is leeaakinng,0,0,Wild Wolf,ESvqjimH5wA,0.0,2016-04-14 03:00:30,True,True
2016-04-14T03:07:28,One word: Obsessed,0,0,Doofyyy,ESvqjimH5wA,-0.5,2016-04-14 03:07:28,True,True
2016-04-14T03:09:33,i can't wait!!!,0,0,rose dickerson,ESvqjimH5wA,0.0,2016-04-14 03:09:33,True,True
2016-04-14T03:16:42,I know it's a movie but how is it not a kidnapping if they used the other woman's egg and her husband sperm to create that baby? The crazy chick is the one carrying the baby but genetically and biologically nothing to do with her.,0,0,Serenity113,ESvqjimH5wA,-0.3625,2016-04-14 03:16:42,True,True
2016-04-14T03:19:07,I think the trailer is showing too much. I still think that it's gonna be a good movie,1,0,sommore80,ESvqjimH5wA,0.44999999999999996,2016-04-14 03:19:07,True,True
2016-04-14T03:23:01,Ok I may be showing my age but this is a twist on The Hand That Rocks The Cradle. This looks like it's going to be just as good!!! #cantwait,0,0,SandZ Academy,ESvqjimH5wA,0.75,2016-04-14 03:23:01,True,True
2016-04-14T03:52:23,im watching this!!,0,0,Wanker Reviews,ESvqjimH5wA,0.0,2016-04-14 03:52:23,True,True
2016-04-14T03:56:44,"Does anyone know the second song that plays, the one with the clapping?",0,0,Cara Sanders,ESvqjimH5wA,0.0,2016-04-14 03:56:44,True,True
2016-04-14T04:03:26,"It's not her baby. She's a surrogate and surrogate's do not have any right over the baby, as the embryo and the sperm both belong to someone else. SMH.",1,0,Jas S,ESvqjimH5wA,0.2857142857142857,2016-04-14 04:03:26,True,True
2016-04-14T04:13:19,timely subject,0,0,FilmGamer,ESvqjimH5wA,-0.16666666666666666,2016-04-14 04:13:19,True,True
2016-04-14T04:24:15,trailor to long,0,0,Shontavia Wade,ESvqjimH5wA,-0.05,2016-04-14 04:24:15,True,True
2016-04-14T04:24:58,Anything with Morris sexy as hell Chesnut I must see.,0,0,Shontavia Wade,ESvqjimH5wA,0.5,2016-04-14 04:24:58,True,True
2016-04-14T04:27:50,great job on the person who failed to do a simple background check,16,0,Isosceles Kramer,ESvqjimH5wA,0.10000000000000002,2016-04-14 04:27:50,True,True
2016-04-14T04:29:47,feels like lifetime already did a movie like this year's before,0,0,A Stranger in the Universe,ESvqjimH5wA,0.0,2016-04-14 04:29:47,True,True
2016-04-14T04:29:47,"An actually good ""black movie"" ruined by the trailer giving away too much. I was getting interested, then I was like ""Oh, so that's what happened""",1,1,CrazyDelcyTV,ESvqjimH5wA,0.24583333333333335,2016-04-14 04:29:47,True,True
2016-04-14T04:59:16,This movie is just like the movie The Perfect Guy. You have a person that you think is real nice but come to realize they are crazy. If you dont do as they say something going to happen. Come on can we get something original with a much better story,0,0,Absentgood,ESvqjimH5wA,0.43499999999999994,2016-04-14 04:59:16,True,True
2016-04-14T05:03:09,Already know what it's gonna be about after 10 seconds,6,1,wolf2966,ESvqjimH5wA,0.0,2016-04-14 05:03:09,True,True
2016-04-14T05:06:36,"Scandalous!!! Regina Hall is usually known for comedic roles, but Wow, didn't know she could play it straight. I hope she gets her revenge on that hussy!!! Wouldn't it be helluva twist if Morris Chestnut character KILLS the hussy to have the baby? She said do what it takes to protect the baby. Maybe that's the twist. Sure is more compelling than punching the girl out a window onto a fence or something cliche.",0,0,Eastfist,ESvqjimH5wA,0.25677083333333334,2016-04-14 05:06:36,True,True
2016-04-14T05:43:16,Some people can never be pleased. This film looks good. I dont care if its black or white. Who cares its about the story being told.,0,0,prodiege,ESvqjimH5wA,0.2583333333333333,2016-04-14 05:43:16,True,True
2016-04-14T05:51:14,what a trailer... nice,1,0,aryan07tj,ESvqjimH5wA,0.6,2016-04-14 05:51:14,True,True
2016-04-14T05:51:24,"For those who keep saying ""Oh this looks like Obsessed, or No Good Deed, or The Perfect Guy"" be glad that there are directors and writers and even actors out there that are willing to pave the way for African-American actors to step into different genres and be able to stand alone. I actually like black suspense thrillers I hate that everyone is calling it ""The Black"" Hand that Rocks the Cradle << Viola Davis said it best....its all about opportunity!!!!",0,0,Marcus Antoin,ESvqjimH5wA,0.0024029356060605955,2016-04-14 05:51:24,True,True
2016-04-14T06:02:35,They shoulda skipped the theatrical release and put this shit right on Lifetime. They aren't fooling anyone.,2,1,Eric McArthur,ESvqjimH5wA,0.028571428571428564,2016-04-14 06:02:35,True,True
2016-04-14T06:06:11,Luther theme anyone?,0,0,hAzy,ESvqjimH5wA,0.0,2016-04-14 06:06:11,True,True
2016-04-14T06:10:15,Quite interesting and is that the women from scary movie ?,0,0,Jimmie Joint,ESvqjimH5wA,0.0,2016-04-14 06:10:15,True,True
2016-04-14T06:15:39,0:50 Selena Gomez Hands to Myself video!!!,0,0,kbg12ila,ESvqjimH5wA,0.0,2016-04-14 06:15:39,True,True
2016-04-14T06:50:01,We all saw it coming. This trailer is too predictable.,5,0,moonrockers1962,ESvqjimH5wA,-0.2,2016-04-14 06:50:01,True,True
2016-04-14T07:16:16,"It kind of reminds me of that movie with Beyonce, Obsessed, in stead of a obsessed secretary it an obsessed surrogate mother.",2,0,Jesse Prunty,ESvqjimH5wA,-0.225,2016-04-14 07:16:16,True,True
2016-04-14T07:23:42,"Reminds me of that movie 'Obsessed' with Idris Elba and Beyonce, but on 100",0,0,Monolithic,ESvqjimH5wA,-0.5,2016-04-14 07:23:42,True,True
2016-04-14T07:40:56,Looks pretty decent! Just a case of choosing which side chick to take to the cinema lol.,1,0,Spiritual Being,ESvqjimH5wA,0.41944444444444445,2016-04-14 07:40:56,True,True
2016-04-14T09:12:32,wtf these people who make trailers are shit. i feel like i just watched the movieüòê,0,0,Marlon Winford,ESvqjimH5wA,-0.35,2016-04-14 09:12:32,True,True
2016-04-14T09:14:42,I saw a Lifetime movie very similar to this.,0,0,Nicole Jones,ESvqjimH5wA,0.0,2016-04-14 09:14:42,True,True
2016-04-14T09:18:49,Just give her the D,0,0,eo,ESvqjimH5wA,0.0,2016-04-14 09:18:49,True,True
2016-04-14T09:54:20,Juice,0,0,Mitsui Hasashi,ESvqjimH5wA,0.0,2016-04-14 09:54:20,True,True
2016-04-14T10:03:23,"Similar to ""Obsessed"" with Idris Elba and Beyonc√©.",365,26,dbsirius,ESvqjimH5wA,-0.25,2016-04-14 10:03:23,True,True
2016-04-14T10:08:25,Same script as the 'surrogate' Nice movie,0,0,Hope Samba,ESvqjimH5wA,0.3,2016-04-14 10:08:25,True,True
2016-04-14T10:40:35,You stole the song from Luther?! :/,0,0,M V,ESvqjimH5wA,-0.25,2016-04-14 10:40:35,True,True
2016-04-14T10:46:50,all i can say is... bitches be crazy,23,0,Why must you turn my office into a house of lies,ESvqjimH5wA,-0.6,2016-04-14 10:46:50,True,True
2016-04-14T11:13:42,I though Brenda died... üòì,0,0,NonAsian ToyDog,ESvqjimH5wA,0.0,2016-04-14 11:13:42,True,True
2016-04-14T11:25:02,"Hey, what's the song of the trailer please ?",0,1,archessia,ESvqjimH5wA,0.0,2016-04-14 11:25:02,True,True
2016-04-14T11:38:58,*Brenda*,0,0,Anthony Hyung,ESvqjimH5wA,0.0,2016-04-14 11:38:58,True,True
2016-04-14T11:39:32,"I guess young black actresses no longer exist, huh? Always a dark guy but no ebony women.  Wont watch.",0,0,The Laugh,ESvqjimH5wA,-0.07222222222222222,2016-04-14 11:39:32,True,True
2016-04-14T12:10:36,She wants the D.,0,0,Missdubstepboss Music,ESvqjimH5wA,0.2,2016-04-14 12:10:36,True,True
2016-04-14T12:26:29,"idiots, why show the movie and twist all in 2mins. what else is there to go watch now? longer  scenes of what we already saw that makes. it dull, still wtf why show the twist with the boyfriend too",0,0,Jermaine Jalade,ESvqjimH5wA,-0.5305555555555556,2016-04-14 12:26:29,True,True
2016-04-14T12:38:39,I hate trailers that basically show the whole plot of the film,1,0,Garner P,ESvqjimH5wA,-0.30000000000000004,2016-04-14 12:38:39,True,True
2016-04-14T13:20:24,Oh thus looks so good,0,0,Love Graham,ESvqjimH5wA,0.7,2016-04-14 13:20:24,True,True
2016-04-14T14:39:59,This is along the same lines if 'The perfect guy',0,0,Laura Beattie,ESvqjimH5wA,0.5,2016-04-14 14:39:59,True,True
2016-04-14T14:47:04,hey little shorty let me tell you something in ya ear let me might tell you something that you might wanna hear wait till you see my dingus wait till you see my dingus,0,0,Kiel Li Mikal,ESvqjimH5wA,-0.1875,2016-04-14 14:47:04,True,True
2016-04-14T14:57:25,Cool can't wait too see this movie.,0,0,Asia Ver'na Cobb,ESvqjimH5wA,0.35,2016-04-14 14:57:25,True,True
2016-04-14T15:14:15,"Surrogate becomes obsessed , and then aborts the kid.... did I ruin the ending? No because no one has seen the movie yet this is just my scenario lol",0,0,boxertest,ESvqjimH5wA,0.15000000000000002,2016-04-14 15:14:15,True,True
2016-04-14T15:22:17,bs,0,0,Malik McKinney,ESvqjimH5wA,0.0,2016-04-14 15:22:17,True,True
2016-04-14T15:52:06,Oh snap its Regina Hall aka Lena Wright(Monica's hairdresser),0,0,love di choreo,ESvqjimH5wA,0.0,2016-04-14 15:52:06,True,True
2016-04-14T15:55:18,i don't get the concept of surrogacy...not against it though...looks like a modified  version of obsessed with elba&beyonce,0,0,Akin Akinwusi,ESvqjimH5wA,-0.5,2016-04-14 15:55:18,True,True
2016-04-14T16:14:31,I got some serious Luther vibes,0,0,Nosaj,ESvqjimH5wA,-0.3333333333333333,2016-04-14 16:14:31,True,True
2016-04-14T16:46:29,OBSESSED 2.0,0,0,Victoria Smith,ESvqjimH5wA,-0.5,2016-04-14 16:46:29,True,True
2016-04-14T17:10:15,"""The hand that rocks the cradle"" + ""single white female"" mix with a little bit of ""Crush""",15,1,Queen EpicStory,ESvqjimH5wA,-0.06473214285714285,2016-04-14 17:10:15,True,True
2016-04-14T17:11:11,Shit den,0,0,Tosin Idowu,ESvqjimH5wA,-0.2,2016-04-14 17:11:11,True,True
2016-04-14T17:18:47,this looks good,0,0,Liala Awad,ESvqjimH5wA,0.7,2016-04-14 17:18:47,True,True
2016-04-14T17:20:51,so just like obsession but instead she's pregnant,0,0,Rebecca Light,ESvqjimH5wA,0.3333333333333333,2016-04-14 17:20:51,True,True
2016-04-14T17:24:36,Really interesting concept,0,0,crissy4445,ESvqjimH5wA,0.5,2016-04-14 17:24:36,True,True
2016-04-14T17:33:04,Why do I feel like I just saw the entire movie?  Waaay too much plot reveal guys!,0,0,liltommy0001,ESvqjimH5wA,0.125,2016-04-14 17:33:04,True,True
2016-04-14T18:39:34,Trailer was too long. Could have been half the length but the film looks like something I want to watch.,0,0,Regan MacNeil,ESvqjimH5wA,-0.10833333333333334,2016-04-14 18:39:34,True,True
2016-04-14T19:41:04,my body my choice,0,0,airpilot,ESvqjimH5wA,0.0,2016-04-14 19:41:04,True,True
2016-04-14T19:57:12,Jaz Sinclair is super fine!!,0,0,cobra9,ESvqjimH5wA,0.4921875,2016-04-14 19:57:12,True,True
2016-04-14T20:15:14,lol... can't wait,0,0,Chris Denson,ESvqjimH5wA,0.8,2016-04-14 20:15:14,True,True
2016-04-14T20:55:36,"Sigh, do they even try with these films anymore? I can't stand that just because they throw in the only black actors in Hollywood that they gotta act in another contrived plot of affair and stupid drama.",10,4,tnargtnarud,ESvqjimH5wA,-0.36666666666666664,2016-04-14 20:55:36,True,True
2016-04-14T20:59:25,"umm ""Juice"" from Sons of Anarchy anybody?!...",0,0,C Sol,ESvqjimH5wA,0.0,2016-04-14 20:59:25,True,True
2016-04-14T21:50:57,"Juice Going ""Chris Brown"" On This Chick!! #SonsOfAnarchy",3,0,BruffDaddy,ESvqjimH5wA,0.0,2016-04-14 21:50:57,True,True
2016-04-14T22:29:17,"CInddyyyyy, The TV's Leaking!",1,0,JayJay Huynh,ESvqjimH5wA,0.0,2016-04-14 22:29:17,True,True
2016-04-14T22:39:26,so a another crazy black girl,0,0,Diana Osazenaye,ESvqjimH5wA,-0.3833333333333333,2016-04-14 22:39:26,True,True
2016-04-14T22:42:27,Cindy! This messin' up my floor!,7,0,Matt Ellazar,ESvqjimH5wA,0.0,2016-04-14 22:42:27,True,True
2016-04-14T22:48:15,That's crazy. They should count it as kidnap because the baby is not even hers. It's not like they're adopting the baby.,0,0,"The floor Jungkook humped in Blood, Sweat, & Tears",ESvqjimH5wA,-0.6,2016-04-14 22:48:15,True,True
2016-04-14T22:55:24,Paradise Circus massive attack.,0,0,Joseph Taylor,ESvqjimH5wA,0.0,2016-04-14 22:55:24,True,True
2016-04-14T23:00:05,anyone know the 2 songs in this?,1,0,Lydia rut,ESvqjimH5wA,0.0,2016-04-14 23:00:05,True,True
2016-04-14T23:55:16,Does anyone know the 1st song name ?,0,1,Jays FFA,ESvqjimH5wA,0.0,2016-04-14 23:55:16,True,True
2016-04-15T00:16:05,Or just adopt... Loads of children needing families,0,0,Youhei Sonhara,ESvqjimH5wA,0.0,2016-04-15 00:16:05,True,True
2016-04-15T00:30:01,Another one of these,1,1,lvrm dxm,ESvqjimH5wA,0.0,2016-04-15 00:30:01,True,True
2016-04-15T00:46:11,Wasn't Will Ferrell just in this movie? A Deadly Adoption?,14,3,Mjf,ESvqjimH5wA,-0.2,2016-04-15 00:46:11,True,True
2016-04-15T02:49:10,Obsessed....again? üòÇüòÇüòÇüòÇ,0,0,Enid Banks,ESvqjimH5wA,0.0,2016-04-15 02:49:10,True,True
2016-04-15T03:33:42,You could just adopt...,0,0,missblueskydreamer,ESvqjimH5wA,0.0,2016-04-15 03:33:42,True,True
2016-04-15T03:37:17,This is disgusting,1,4,Alex Rocha,ESvqjimH5wA,-1.0,2016-04-15 03:37:17,True,True
2016-04-15T04:01:10,a movie about a psycho girl?? ain't fiction.. they're everywhere..,0,0,Minority Damage,ESvqjimH5wA,0.0,2016-04-15 04:01:10,True,True
2016-04-15T04:40:51,"Looks good but gotdamn marketing, save some of the movie for the actual movie!",0,0,YourLBN,ESvqjimH5wA,0.35,2016-04-15 04:40:51,True,True
2016-04-15T05:17:37,Boooobs. Epic voice guy.,0,0,gaz south,ESvqjimH5wA,0.1,2016-04-15 05:17:37,True,True
2016-04-15T06:27:12,Anyone else think Jaz she looks just like Serayah from Empire (Tiana Brown) ???,1,0,LANDON RICH,ESvqjimH5wA,0.0,2016-04-15 06:27:12,True,True
2016-04-15T08:33:23,reminds me of Poision Ivy and Obsessed combined,0,0,Cathy James,ESvqjimH5wA,-0.5,2016-04-15 08:33:23,True,True
2016-04-15T11:31:50,This is just a fucked up version of Juno,0,0,Harry Holland,ESvqjimH5wA,-0.6,2016-04-15 11:31:50,True,True
2016-04-15T11:56:32,Stunning Bitches!,0,0,VEM m,ESvqjimH5wA,0.625,2016-04-15 11:56:32,True,True
2016-04-15T11:57:03,I mean Stunning Babes.. sorry!,0,0,VEM m,ESvqjimH5wA,-0.14583333333333334,2016-04-15 11:57:03,True,True
2016-04-15T12:39:57,porqe septiember!,0,0,luis alberto rodriguez pol,ESvqjimH5wA,0.0,2016-04-15 12:39:57,True,True
2016-04-15T12:56:38,this actually looks pretty good!!,2,0,Sandra Rose,ESvqjimH5wA,0.4166666666666667,2016-04-15 12:56:38,True,True
2016-04-15T13:17:50,"Morris Chestnut, back at it again playing the faithful innocent Husband",525,18,Not Your Average Joes Podcast,ESvqjimH5wA,0.25,2016-04-15 13:17:50,True,True
2016-04-15T13:18:50,"This is The Boy Next Door's Female version ""The Side Chick""",0,0,Stephen Villalona,ESvqjimH5wA,0.0,2016-04-15 13:18:50,True,True
2016-04-15T13:35:56,I was hoping this was not going to be somewhat like Obsessed and it does with a little twist in it.,0,0,Gerrel Jerome,ESvqjimH5wA,-0.34375,2016-04-15 13:35:56,True,True
2016-04-15T13:39:30,ow dear god!,0,0,Hanane A.,ESvqjimH5wA,0.0,2016-04-15 13:39:30,True,True
2016-04-15T14:02:49,Jeez... goosebumps!!!!,1,0,Winnie T,ESvqjimH5wA,0.0,2016-04-15 14:02:49,True,True
2016-04-15T14:26:24,ok.... so ... who's going to see it?,0,0,Shoshanna Bell,ESvqjimH5wA,0.5,2016-04-15 14:26:24,True,True
2016-04-15T14:40:21,"Dont know why we would want to get surrogate to mother our kids, it we can't have just let it go and enjoy life",0,0,Reece Raymond,ESvqjimH5wA,0.4,2016-04-15 14:40:21,True,True
2016-04-15T15:05:51,Can't Wait to see!!,0,0,Jessica,ESvqjimH5wA,0.0,2016-04-15 15:05:51,True,True
2016-04-15T15:19:55,Unnecessarily long trailer,3,0,CoryL,ESvqjimH5wA,-0.05,2016-04-15 15:19:55,True,True
2016-04-15T15:31:42,they told the whole movie lol,160,9,moonpie,ESvqjimH5wA,0.5,2016-04-15 15:31:42,True,True
2016-04-15T15:45:04,So...a black Lifetime movie on the silver screen? *nods* Cool.,0,0,Daniela J.,ESvqjimH5wA,0.09166666666666666,2016-04-15 15:45:04,True,True
2016-04-15T15:54:44,Regina Hall makes a lot of movies! wow!,0,0,Wellington Oliveira,ESvqjimH5wA,0.125,2016-04-15 15:54:44,True,True
2016-04-15T15:58:05,This trailer contains *spoilers*.... Wish I hadn't watched it.,0,0,SweetTea742,ESvqjimH5wA,0.0,2016-04-15 15:58:05,True,True
2016-04-15T16:30:08,wasn't this a life time movie with white actors and better,0,0,retrofitted,ESvqjimH5wA,0.25,2016-04-15 16:30:08,True,True
2016-04-15T16:35:10,Looks like A Deadly Adoption with Will Ferrell and Kristen Wiig üòÇ,1,0,Lizzy T,ESvqjimH5wA,-0.2,2016-04-15 16:35:10,True,True
2016-04-15T16:41:54,"nice movie but for the Africans out here, there is a similar nigerian movie with John omelo, I forgot his last name, the hottie from Ghana",3,2,d jnifer f,ESvqjimH5wA,0.19999999999999998,2016-04-15 16:41:54,True,True
2016-04-15T17:07:51,"Lk',,,N,,,b,,,,!,,!,!,,!,!,,,m",0,0,Kelley Williams,ESvqjimH5wA,0.0,2016-04-15 17:07:51,True,True
2016-04-15T17:10:02,"This movie is going to be like ""Obsessed"" on steroids.",0,0,Rush Maverick,ESvqjimH5wA,-0.5,2016-04-15 17:10:02,True,True
2016-04-15T17:21:05,"Does anyone think this is ""Obsessed 2""?",0,0,ANNIE STORMBORN,ESvqjimH5wA,-0.5,2016-04-15 17:21:05,True,True
2016-04-15T17:30:55,So is the sequel to Obsessed?,173,13,"Bro, Wtf",ESvqjimH5wA,-0.5,2016-04-15 17:30:55,True,True
2016-04-15T17:39:20,Regina Hall is fiiiiiiine,0,0,Johnny Emerson,ESvqjimH5wA,0.0,2016-04-15 17:39:20,True,True
2016-04-15T18:10:03,This seems like a good movie...,34,6,Allana Thomas,ESvqjimH5wA,0.7,2016-04-15 18:10:03,True,True
2016-04-15T18:13:40,I don't care if it has been recycled it has Morris Chestnut in it and it looks good to me. It's another spend on a well told story. Everyone is complaining but when an original idea is filmed it flops and people hate those films too. Let's face it we like movies that are not original LOL:),1,0,Loulou Willis,ESvqjimH5wA,0.23124999999999998,2016-04-15 18:13:40,True,True
2016-04-15T18:42:04,Couples seeking surrogacy will cringe seeing this. Don't know that this actually could be real. There's crazier things in the real world regarding getting a baby,0,0,rhaspodel,ESvqjimH5wA,0.13333333333333333,2016-04-15 18:42:04,True,True
2016-04-15T18:52:01,"nothing new here. the story's going to go down the usual plot lines with a ""shocking"" twist that's just thrown at you. not having an obvious twist would be a twist in itself--creating a twisting twistful situation.",0,0,vjoel94,ESvqjimH5wA,-0.25383838383838386,2016-04-15 18:52:01,True,True
2016-04-15T19:46:46,"Which version of ""Do you Really Want to Hurt me"" is this? I need it.",8,0,zakearns,ESvqjimH5wA,0.2,2016-04-15 19:46:46,True,True
2016-04-15T20:13:29,Can't wait!,0,0,somberrose85,ESvqjimH5wA,0.0,2016-04-15 20:13:29,True,True
2016-04-15T20:55:58,This looks like a lifetime movie,0,0,Johnathan Johnson,ESvqjimH5wA,0.0,2016-04-15 20:55:58,True,True
2016-04-15T21:28:28,can we please get some new directors in Hollywood ...same Ol shit year after year smh,2,2,cant go wrong bein urself,ESvqjimH5wA,-0.03181818181818183,2016-04-15 21:28:28,True,True
2016-04-15T21:30:23,"im used to white people doing these types of films. and im actually okay with that. i dont think that we need to ourselves in these types of movies.  its interesting to see, people comparing this movie to other thrillers, (like obsessed/the perfect guy/etc) as if thrillers in general arent the same formula/story/plot all the time. -_- but you notice it now...all of a sudden?  but i think that the surrogate and her bf planned the whole thing, to get the benefits of morris and regina cause they seem to be living a wealthier life then them.",0,3,Golden,ESvqjimH5wA,0.2361111111111111,2016-04-15 21:30:23,True,True
2016-04-15T21:43:44,it's just like the movie obsession,2,1,Lightskinlucas,ESvqjimH5wA,0.0,2016-04-15 21:43:44,True,True
2016-04-15T21:51:03,ITS AWESOME HOW THE ACTORS ARE MOSTLY AFRICAN AMERICAN,0,1,Cynthia H.,ESvqjimH5wA,0.3333333333333333,2016-04-15 21:51:03,True,True
2016-04-15T22:09:34,"SAME SCRIPT, DIFFERENT CAST. #tiredrecycledstorylines",0,0,Russell Nelson,ESvqjimH5wA,0.0,2016-04-15 22:09:34,True,True
2016-04-15T22:09:42,"SAME SCRIPT, DIFFERENT CAST. #tiredrecycledstorylines",1,0,Russell Nelson,ESvqjimH5wA,0.0,2016-04-15 22:09:42,True,True
2016-04-15T23:01:37,"La chica es bella, pero esta bien loca ajajja!",0,0,Evelin Villaman,ESvqjimH5wA,0.0,2016-04-15 23:01:37,True,True
2016-04-15T23:05:46,Basically¬†different¬†version from a ¬†lifetime movie.,0,0,J Ortiz,ESvqjimH5wA,0.0,2016-04-15 23:05:46,True,True
2016-04-15T23:36:55,This movie looks good cant wait to see,1,0,crishhh donna,ESvqjimH5wA,0.7,2016-04-15 23:36:55,True,True
2016-04-15T23:37:51,You gotta understand people just wanna make money.        oh you still reading? Why?,0,0,Barry Mawonga,ESvqjimH5wA,0.0,2016-04-15 23:37:51,True,True
2016-04-15T23:39:17,finally a movie with a black cast that isnt about the struggle of begging black!!!!! this is what we want hollywood. Not slave movies üòÇ,1,0,Poop,ESvqjimH5wA,-0.22509765624999997,2016-04-15 23:39:17,True,True
2016-04-16T00:02:01,Interesting...,0,0,Kwaku 11,ESvqjimH5wA,0.5,2016-04-16 00:02:01,True,True
2016-04-16T00:38:14,Morris Chestnut pulling a Tara doing it for the kidsüòâüòÇ,4,0,Nadia Neptune,ESvqjimH5wA,0.0,2016-04-16 00:38:14,True,True
2016-04-16T00:53:18,This is kinda like Carriers,0,0,Shekola Carrington,ESvqjimH5wA,0.0,2016-04-16 00:53:18,True,True
2016-04-16T01:24:52,So this is basically Obsessed + a baby right lol wow,0,0,Lilas la chef,ESvqjimH5wA,0.17142857142857143,2016-04-16 01:24:52,True,True
2016-04-16T02:15:41,Who's singing in the background,0,0,meamay071,ESvqjimH5wA,0.0,2016-04-16 02:15:41,True,True
2016-04-16T02:26:08,"Everyone keeps saying is like Obsessed, which I don't disagree with. However, it's IDENTICAL to A Deadly Adoption- the Lifetime parody movie with Will Ferrell and Kristen Wiig. The couple couldn't have children so they hired a surrogate who ended up living with them because she was destitute. The woman turned out to be crazy, starting obsessing with the husband, and was still in a relationship with the  criminal boyfriend. It's the exact same plot. Shame that they put out a real movie with a plot line that mimics a movie parody.",0,1,raschica,ESvqjimH5wA,-0.15624999999999997,2016-04-16 02:26:08,True,True
2016-04-16T03:13:26,this is like a more intense version of that one lifetime movie,2,0,MiyukiSawada240,ESvqjimH5wA,0.35,2016-04-16 03:13:26,True,True
2016-04-16T03:30:40,"Soooo, basically a high budget lifetime movie.",0,0,Rachael Daley,ESvqjimH5wA,0.16,2016-04-16 03:30:40,True,True
2016-04-16T03:31:40,Another trailer showing the entire movie. :(,0,0,John,ESvqjimH5wA,-0.375,2016-04-16 03:31:40,True,True
2016-04-16T03:33:45,Obsessed 2.0 in another way lol,0,0,Malik,ESvqjimH5wA,0.15000000000000002,2016-04-16 03:33:45,True,True
2016-04-16T03:48:18,"Oh, the things a resume can't tell the prospective employers...like she's completely nucking futs!",0,0,fred sumpter,ESvqjimH5wA,0.125,2016-04-16 03:48:18,True,True
2016-04-16T05:14:04,Let's Go!!!!!,0,0,Kickor Sidumain,ESvqjimH5wA,0.0,2016-04-16 05:14:04,True,True
2016-04-16T05:14:58,I feel like i just seen the whole movie. Smh,0,0,Taylor Cameron,ESvqjimH5wA,0.2,2016-04-16 05:14:58,True,True
2016-04-16T07:46:22,Does anyone know the singer of the cover song on this?  Great job too . . .,0,0,Cisco Castille,ESvqjimH5wA,0.8,2016-04-16 07:46:22,True,True
2016-04-16T09:23:35,On another note fuccin and cumin in a women without the worry of her being pregnant is GREAT,0,0,Richey,ESvqjimH5wA,0.5666666666666667,2016-04-16 09:23:35,True,True
2016-04-16T11:27:34,whip her ass Brenda!,5,0,SageOfSyren,ESvqjimH5wA,0.0,2016-04-16 11:27:34,True,True
2016-04-16T12:32:18,Movie has a great theme but Hollywood got lazy & waisted time to actually make it something.,0,0,playstationsteve,ESvqjimH5wA,0.18333333333333335,2016-04-16 12:32:18,True,True
2016-04-16T12:34:33,Morris chestnut in that same ass roles,1,0,Romario Toretto,ESvqjimH5wA,0.0,2016-04-16 12:34:33,True,True
2016-04-16T12:55:19,why don't u just tell your wife!!!!,0,0,Noona Luna,ESvqjimH5wA,0.0,2016-04-16 12:55:19,True,True
2016-04-16T14:41:18,A Black woman who can't get pregnant? Must be science fiction.,3,1,rrmond,ESvqjimH5wA,0.08333333333333333,2016-04-16 14:41:18,True,True
2016-04-16T14:47:54,Yeah money makes you think and do unnatural things,0,0,getmoney,ESvqjimH5wA,0.0,2016-04-16 14:47:54,True,True
2016-04-16T16:35:54,oh shit..lmfao,0,0,Anti-Humanity,ESvqjimH5wA,0.0,2016-04-16 16:35:54,True,True
2016-04-16T18:38:48,Why does no one ever have anything positive to say on movies starring black actors!? And NO the trailer did not give away the plot!,0,0,Lmtl,ESvqjimH5wA,-0.016571969696969682,2016-04-16 18:38:48,True,True
2016-04-16T19:46:42,"You mess with Son of Anarchy, you mess with all of us.",0,0,emmanuel adekoya,ESvqjimH5wA,-0.175,2016-04-16 19:46:42,True,True
2016-04-16T19:56:34,Yo!! Juice!!,0,0,klnkllove,ESvqjimH5wA,0.0,2016-04-16 19:56:34,True,True
2016-04-16T20:11:09,This reminded me of a lifetime movie ü§î don't remember the name,8,0,Laura Dean,ESvqjimH5wA,0.0,2016-04-16 20:11:09,True,True
2016-04-16T20:27:14,oooh...That looks good!!!#IMustSee,0,0,Myeshia Haywood,ESvqjimH5wA,0.0,2016-04-16 20:27:14,True,True
2016-04-16T20:43:50,They use the them from the BBC show Luthor!,0,0,mike nillos,ESvqjimH5wA,0.0,2016-04-16 20:43:50,True,True
2016-04-16T23:46:38,Omg it's like obsessed,0,0,micheala jackson,ESvqjimH5wA,-0.5,2016-04-16 23:46:38,True,True
2016-04-17T01:42:57,"This movie is exactly, like The Hand That Rocks The Cradle.",0,0,Lisa Herbert,ESvqjimH5wA,0.25,2016-04-17 01:42:57,True,True
2016-04-17T02:54:45,I swear I've seen this shit on lifetime with white people üòÇüòÇüòÇüòÇüòÇüòÇ,0,0,idgafjuslisten,ESvqjimH5wA,-0.1,2016-04-17 02:54:45,True,True
2016-04-17T02:57:10,I'm telling you lifetime has like 3 different versions of this movie,0,0,idgafjuslisten,ESvqjimH5wA,0.0,2016-04-17 02:57:10,True,True
2016-04-17T03:08:03,juice needs to call the club,1,0,Jasmine Nwokedi,ESvqjimH5wA,0.0,2016-04-17 03:08:03,True,True
2016-04-17T04:02:16,This is what happens when The Perfect Guy become Obsessed with No Good Deed! lol...Regina Hall rocks though!,0,0,Alliyah Jackson,ESvqjimH5wA,0.0,2016-04-17 04:02:16,True,True
2016-04-17T04:34:33,This trailer was too much... O.o,2,0,Apples4Applez,ESvqjimH5wA,0.125,2016-04-17 04:34:33,True,True
2016-04-17T04:47:38,Background checks are a beautiful thing,9,0,Britney S.,ESvqjimH5wA,0.85,2016-04-17 04:47:38,True,True
2016-04-17T06:31:58,"So, its basically Orphan with Black people, right?",0,0,vibhu pandey,ESvqjimH5wA,0.05952380952380952,2016-04-17 06:31:58,True,True
2016-04-17T07:01:15,it's a re-make.... from the 80's,0,0,Travs Nichols,ESvqjimH5wA,0.0,2016-04-17 07:01:15,True,True
2016-04-17T08:14:25,I have to see this. this almost like this movie I seen on lifetime,0,0,JUST BORED JUST ME,ESvqjimH5wA,0.0,2016-04-17 08:14:25,True,True
2016-04-17T09:03:40,I am taken,0,0,eric dave,ESvqjimH5wA,0.0,2016-04-17 09:03:40,True,True
2016-04-17T13:25:36,this looks like a remake of a direct to TV movie about surrogate. The family takes the surrogate in and then she acts crazy.,0,0,Maria Regina,ESvqjimH5wA,-0.25,2016-04-17 13:25:36,True,True
2016-04-17T15:01:21,Same ole typical plot!! I'll pass,0,0,DJaySplitSecond,ESvqjimH5wA,-0.13020833333333331,2016-04-17 15:01:21,True,True
2016-04-17T17:33:08,"This movie is ""Fatal Attraction"" meets ""Single white female"",and ""The hand that rocks the cradle""and I'm here for it.Can't wait for this to come outüíØ",0,0,Johnaj Jakari 80 ProofTruth,ESvqjimH5wA,-0.023809523809523808,2016-04-17 17:33:08,True,True
2016-04-17T17:56:02,The hand that rocks the cradle. EXCITED,0,0,John Davis,ESvqjimH5wA,0.375,2016-04-17 17:56:02,True,True
2016-04-17T18:59:05,this will be a good movie. all this ignorance in the comments are self hating and ignorant. support or shut up,0,0,hermusicsoundsgood,ESvqjimH5wA,0.7,2016-04-17 18:59:05,True,True
2016-04-17T19:00:32,it doesn't matter what is done some people are never satisfied. . . I will support this movie. great casting,0,0,hermusicsoundsgood,ESvqjimH5wA,0.275,2016-04-17 19:00:32,True,True
2016-04-17T19:06:46,"ok ok I see the universe they're making lol..¬†This is a prequel to ""The perfect guy"".....before Morris Chestnut was killed by Michael Ealy",0,0,Rio Blades,ESvqjimH5wA,0.5199999999999999,2016-04-17 19:06:46,True,True
2016-04-17T20:22:59,Wow...nothing original  anymore. I saw this movie on Lifetime but with a different cast.,1,21,Luisa Gomez,ESvqjimH5wA,0.1875,2016-04-17 20:22:59,True,True
2016-04-17T20:55:41,what's the name of the song,0,0,Alonzo Ramdass,ESvqjimH5wA,0.0,2016-04-17 20:55:41,True,True
2016-04-17T21:41:18,wow this looks good!,0,0,Michael Jenkins,ESvqjimH5wA,0.4875,2016-04-17 21:41:18,True,True
2016-04-17T22:35:25,That's the music from Luther.,0,0,Christina Miller,ESvqjimH5wA,0.0,2016-04-17 22:35:25,True,True
2016-04-17T22:36:58,Smh this is just like obsessed,0,0,Christina Miller,ESvqjimH5wA,-0.5,2016-04-17 22:36:58,True,True
2016-04-17T23:11:07,More movies like this please!,0,0,Nadia Makuta,ESvqjimH5wA,0.625,2016-04-17 23:11:07,True,True
2016-04-18T02:58:57,seem weak. sam ol storylines,0,0,HNiCDuke,ESvqjimH5wA,-0.375,2016-04-18 02:58:57,True,True
2016-04-18T03:06:10,this moive is like beyonce obsession,0,0,Kimberlybeauty xo xo,ESvqjimH5wA,0.0,2016-04-18 03:06:10,True,True
2016-04-18T03:40:39,What's the cover of this song called??,1,1,Bob Jones,ESvqjimH5wA,0.0,2016-04-18 03:40:39,True,True
2016-04-18T04:34:38,omg I'm so ready!,0,0,Victoria Sholabomi,ESvqjimH5wA,0.25,2016-04-18 04:34:38,True,True
2016-04-18T07:10:59,"this looks good, when is it coming out",0,0,Prudie SandyN,ESvqjimH5wA,0.7,2016-04-18 07:10:59,True,True
2016-04-18T10:02:58,Re make of Hands that rocks the Cradle.,0,0,Zeenat Rahman,ESvqjimH5wA,0.0,2016-04-18 10:02:58,True,True
2016-04-18T12:48:45,I'm sooooooooo proud of Regina she has been sooooo underrated she is beyond talented so it's time for y'all to wake up she's gonna kill it,1,0,Ernicera Martin,ESvqjimH5wA,0.75,2016-04-18 12:48:45,True,True
2016-04-18T18:53:03,What a twist,0,0,TrueSamuraiHero,ESvqjimH5wA,0.0,2016-04-18 18:53:03,True,True
2016-04-18T19:43:06,this movie looks dumb as shit,0,0,The last millennials Infinity accounts,ESvqjimH5wA,-0.2875,2016-04-18 19:43:06,True,True
2016-04-18T21:00:01,"Welp.... No need to watch the movie now, the Trailer showed everything",0,0,TheTriggerMan,ESvqjimH5wA,0.0,2016-04-18 21:00:01,True,True
2016-04-19T00:28:37,This is the type of stuff my mom watches on lifetime üòÇ,0,0,Jennings,ESvqjimH5wA,0.0,2016-04-19 00:28:37,True,True
2016-04-19T02:16:34,The prequel is: The Surrogate,0,0,Layla,ESvqjimH5wA,0.0,2016-04-19 02:16:34,True,True
2016-04-19T03:46:21,"Song starts at 0:25, anybody know the name?",1,1,L O,ESvqjimH5wA,0.0,2016-04-19 03:46:21,True,True
2016-04-19T07:42:12,I freaking love movies like this,0,0,Jason Brody,ESvqjimH5wA,0.5,2016-04-19 07:42:12,True,True
2016-04-19T13:34:30,JUICE!!!!!!!!!!! #SoA,2,0,Shanice Joseph,ESvqjimH5wA,0.0,2016-04-19 13:34:30,True,True
2016-04-19T17:56:44,Jaz Sinclair near nude (possibly nude) are a very convincing reason to watch this movie.,0,0,Xeno,ESvqjimH5wA,0.25,2016-04-19 17:56:44,True,True
2016-04-19T18:16:47,wtf is this,0,0,imicca,ESvqjimH5wA,-0.5,2016-04-19 18:16:47,True,True
2016-04-20T00:59:53,ohh shit this is deep,0,0,SALIK KING MUSIC,ESvqjimH5wA,-0.1,2016-04-20 00:59:53,True,True
2016-04-20T01:37:22,I just like the kissing in it,0,0,Larry Hooper,ESvqjimH5wA,0.0,2016-04-20 01:37:22,True,True
2016-04-20T03:28:43,And I guarantee you this movie will be overlooked come Oscar season.,1,4,Erik Weiss,ESvqjimH5wA,0.0,2016-04-20 03:28:43,True,True
2016-04-20T13:17:00,"Free Live Sex Cam Show, Exclusive Unlimited Access:      BabeGirlsHere.BlogSpot------------------c0m",0,0,Avery Derrick,ESvqjimH5wA,0.2681818181818182,2016-04-20 13:17:00,True,True
2016-04-21T15:42:28,"OMG THAT ""LUTHER"" MUSIC MAKES IT EVEN CREEPIER. #lutherfeels",0,0,Sheetal Rikhraj,ESvqjimH5wA,0.0,2016-04-21 15:42:28,True,True
2016-04-21T21:07:06,Nice short film!you saved my time and my money!,0,0,Movies Memories,ESvqjimH5wA,0.3,2016-04-21 21:07:06,True,True
2016-04-21T23:08:54,Well I guess I dont need to watch the movie anymore,0,0,Alrico98,ESvqjimH5wA,0.0,2016-04-21 23:08:54,True,True
2016-04-22T14:50:47,"Another movie with dear old Morris getting killed n all that üòÇ we all know how this goes. But hey, I'm just here for Theo Rossi üòç",0,0,Alexandra Bulgaru,ESvqjimH5wA,-0.05,2016-04-22 14:50:47,True,True
2016-04-22T15:24:51,There's adoption.,0,0,ANigerianPrince,ESvqjimH5wA,0.0,2016-04-22 15:24:51,True,True
2016-04-23T11:35:07,This trailer just saved me 12$ lol.,0,0,Ruben Vazquez,ESvqjimH5wA,0.8,2016-04-23 11:35:07,True,True
2016-04-24T15:53:59,They gave away too much!,0,0,Ghost1823,ESvqjimH5wA,0.25,2016-04-24 15:53:59,True,True
2016-04-25T05:36:00,"way to steal a title, and make a completely different film with it.",0,0,Zak Knight,ESvqjimH5wA,0.0,2016-04-25 05:36:00,True,True
2016-04-26T09:55:15,well I just watch the whole movie(basically) so.......,0,0,Fabie Cherie,ESvqjimH5wA,0.2,2016-04-26 09:55:15,True,True
2016-04-27T13:42:03,What a shitty trailer. There's no reason to watch the movie now.,0,0,Anne-Mari M,ESvqjimH5wA,0.0,2016-04-27 13:42:03,True,True
2016-04-27T15:59:07,Orphan meets Obsessed,0,0,LULU & PARIE,ESvqjimH5wA,-0.5,2016-04-27 15:59:07,True,True
2016-04-28T02:21:52,this is very similar to lifetime movie I recently  watched,0,0,Lulu Bella,ESvqjimH5wA,0.0,2016-04-28 02:21:52,True,True
2016-04-28T19:15:51,Why did they show the whole movie though? Ill still watch... when it's released on Lifetime,26,1,Brianna L,ESvqjimH5wA,-0.15,2016-04-28 19:15:51,True,True
2016-05-01T08:21:05,trailers show waaay too much these days!,1,0,nathan flossome,ESvqjimH5wA,0.25,2016-05-01 08:21:05,True,True
2016-05-01T21:51:50,A deadly adoption part two is that you???,0,0,Baquettella,ESvqjimH5wA,-0.2,2016-05-01 21:51:50,True,True
2016-05-03T14:33:45,"it's really rare for me to find someon Wow, to be in love with him. but I love Regina Hall. I like her beauty. My siste dont like her nose but me I pray that she never change it. Cause it's a part of her. Also she is a great artist, expressive artist.",0,0,Mirtha KarenL,ESvqjimH5wA,0.5,2016-05-03 14:33:45,True,True
2016-05-07T06:14:02,Cool plot... But afraid to watch like The Perfect Guy... the trailer was great but the movie sucks ...,0,0,Lemon Garcia,ESvqjimH5wA,0.25,2016-05-07 06:14:02,True,True
2016-05-08T00:42:12,The black version of the hand that rocks the cradle,0,0,mr. Mad man swiss,ESvqjimH5wA,-0.16666666666666666,2016-05-08 00:42:12,True,True
2016-05-08T00:49:04,This is some crazy shit it's a must see.,14,1,Sane Forbes,ESvqjimH5wA,-0.4,2016-05-08 00:49:04,True,True
2016-05-09T17:03:51,"Lifetime, is that you?",0,0,Briana Waters,ESvqjimH5wA,0.0,2016-05-09 17:03:51,True,True
2016-05-11T16:34:46,Lifetime has told this story so many times in so many ways. But I'm happy to see Black actors here.,2,0,Melissa A.S.,ESvqjimH5wA,0.4083333333333333,2016-05-11 16:34:46,True,True
2016-05-12T13:10:18,what crap,0,0,Peter Zonis,ESvqjimH5wA,-0.8,2016-05-12 13:10:18,True,True
2016-05-12T23:05:35,"This is the black version of ""The boy next door"" üòÇüòÇ",0,0,Melanie !,ESvqjimH5wA,-0.08333333333333333,2016-05-12 23:05:35,True,True
2016-05-13T21:32:18,Lol isn't this like the Beyonc√© movie 'obsessed'?,0,0,U E,ESvqjimH5wA,0.15000000000000002,2016-05-13 21:32:18,True,True
2016-05-13T23:27:52,"Every time I hear the lyrics ""Do you really want to hurt me? Do you really want to make me cry?"" all I can imagine is the Gingy from Shrek",0,0,Luis R,ESvqjimH5wA,0.2,2016-05-13 23:27:52,True,True
2016-05-14T01:05:13,this is like a pregnant version of the perfect guy,0,0,Africa Williams,ESvqjimH5wA,0.6666666666666666,2016-05-14 01:05:13,True,True
2016-05-17T16:37:13,Yes!!.,0,0,Averyahna,ESvqjimH5wA,0.0,2016-05-17 16:37:13,True,True
2016-05-21T18:03:39,"Fatal Attraction all over again,no originality at all...Namaste",0,0,Cheyenne1Rain,ESvqjimH5wA,0.0,2016-05-21 18:03:39,True,True
2016-05-23T19:58:49,does anyone know the name of the song?,1,0,Cuore Fenice,ESvqjimH5wA,0.0,2016-05-23 19:58:49,True,True
2016-05-30T13:09:39,yes i agree that the plot is similar to obsessed and fatal attraction but we should support  after all fastnfurious batman superman avengers all share certain plot elements  hollywood has become very formula driven,0,0,Michael Watkins,ESvqjimH5wA,-0.021428571428571422,2016-05-30 13:09:39,True,True
2016-06-01T17:20:10,"A very interesting concept, seen similar stuff before, like Obsessed (featuring Beyonc√©, Ali Larter and Idris Elba) and The perfect guy (Sanaa Lathan, Michael Ealy and even Morris Chestnut, who's in this movie), but for fucks sake learn how to edit trailers. I hope there is another unseen plot, like for example... the father becomes addicted to the younger woman and kills the baby, but I don't think so. This was a poorly edited trailer, but I will still see it and most likely review it.",2,1,Jacob B√∂√∂s,ESvqjimH5wA,0.09444444444444443,2016-06-01 17:20:10,True,True
2016-06-01T19:01:30,WHATS THE SONG USED AT 0:53 AND SO ON?!?!?!,2,1,Rocky71092,ESvqjimH5wA,0.0,2016-06-01 19:01:30,True,True
2016-06-02T17:49:45,Obsessed 2: The Surrogate,0,0,KTBEverlasting,ESvqjimH5wA,-0.5,2016-06-02 17:49:45,True,True
2016-06-03T18:52:34,this must be a tyler Perry movie,0,0,black diamond1,ESvqjimH5wA,0.0,2016-06-03 18:52:34,True,True
2016-06-05T21:01:10,"omg Looks good, I  defo wanna wach this  üòäüòäüòä",0,0,L L ‚Ä¢,ESvqjimH5wA,0.7,2016-06-05 21:01:10,True,True
2016-06-07T19:45:45,I still see him as Juice from SOA,0,0,It‚Äôs Jess,ESvqjimH5wA,0.0,2016-06-07 19:45:45,True,True
2016-06-08T13:03:26,i'd still watch it for morris chestnut,0,0,Ava Watkins,ESvqjimH5wA,0.0,2016-06-08 13:03:26,True,True
2016-06-19T21:16:49,This is like the younger version of the movie obsessed!,0,0,Patti Cakes,ESvqjimH5wA,-0.3125,2016-06-19 21:16:49,True,True
2016-06-23T16:13:01,"Obsessed meets ""The Hand That Rock the Cradle""",0,0,Mrsdevsgirl,ESvqjimH5wA,-0.5,2016-06-23 16:13:01,True,True
2016-06-24T00:00:36,This is such an original movie! Finally!..... Not,0,0,Em 7,ESvqjimH5wA,0.15625,2016-06-24 00:00:36,True,True
2016-06-26T23:47:15,"saw this in theater,  anyone else thinks it's similar to obsessed starrrin beyonce and idris elba??",0,2,Edith Morales,ESvqjimH5wA,-0.25,2016-06-26 23:47:15,True,True
2016-06-27T01:40:26,BLACK GODS KINGS & BLACK GODESS QUEENS DIVA'S!!!!,0,0,Michael Edward Alexander,ESvqjimH5wA,-0.28678385416666663,2016-06-27 01:40:26,True,True
2016-06-27T01:40:39,BLACK GODS KINGS & BLACK GODESS QUEENS DIVA'S!!!!,0,0,Michael Edward Alexander,ESvqjimH5wA,-0.28678385416666663,2016-06-27 01:40:39,True,True
2016-06-27T01:49:15,obssed bring me here,0,0,cheatah 46 lisa windom,ESvqjimH5wA,0.0,2016-06-27 01:49:15,True,True
2016-06-27T01:50:16,it was a white girl now there's a black girl there trying to still the men,0,1,cheatah 46 lisa windom,ESvqjimH5wA,-0.08333333333333333,2016-06-27 01:50:16,True,True
2016-06-27T02:59:24,Cool. Thanks for showing me the entire plot. No need to pay to see it now.,0,0,gphillimo,ESvqjimH5wA,0.18333333333333335,2016-06-27 02:59:24,True,True
2016-06-27T04:10:40,"Similar to ""the Crush"" with Alicia silverstone",0,0,Ehh Okaayy,ESvqjimH5wA,0.0,2016-06-27 04:10:40,True,True
2016-06-27T04:23:47,Obsessed meets the hand that rocks the cradle,88,3,Beauty For Ashes,ESvqjimH5wA,-0.5,2016-06-27 04:23:47,True,True
2016-06-27T04:56:14,Entire movie in trailer. Thnx,0,0,BrownEyeZo3,ESvqjimH5wA,0.0,2016-06-27 04:56:14,True,True
2016-06-27T06:47:14,does anyone know the song that starts at 0:23,0,1,cxmplexion18,ESvqjimH5wA,0.0,2016-06-27 06:47:14,True,True
2016-06-27T16:53:25,this is like yandere simulator and the perfect guy but flipped around mixed together so it's basically the perfect girl,0,0,Kaori Grier,ESvqjimH5wA,0.6666666666666666,2016-06-27 16:53:25,True,True
2016-06-27T20:37:20,So basically like a sequel to the perfect guy,0,0,Sae E,ESvqjimH5wA,1.0,2016-06-27 20:37:20,True,True
2016-06-28T01:06:52,don't care if its a cliche it looks interesting and im going to see it. üòé,245,5,Enheritance Derrico,ESvqjimH5wA,0.5,2016-06-28 01:06:52,True,True
2016-06-29T00:40:22,Why do I keep rewatching the part where she walks in with the red dress at the dinner üò≠üò≠üòçüòçüò©üò©üò© lmao ready for this movie,0,0,chris 2.0,ESvqjimH5wA,0.26666666666666666,2016-06-29 00:40:22,True,True
2016-06-30T00:52:18,"This is exactly like that movie with Idris Elba, Ali Larter and Beyonce. $100 Regina kills the crazy chick in the end.",26,8,Franky Ramone,ESvqjimH5wA,-0.175,2016-06-30 00:52:18,True,True
2016-06-30T19:52:50,"""You need to be nicer to me"" 10/10 script there guys",0,0,PesciGotPepsi,ESvqjimH5wA,0.0,2016-06-30 19:52:50,True,True
2016-07-02T14:53:46,is this a horror,5,6,TAANDS,ESvqjimH5wA,0.0,2016-07-02 14:53:46,True,True
2016-07-02T20:19:38,Will Ferrell and Kristen Wiig already did this in 'A Deadly Adoption' last year.,0,0,Pumpkinman4ever,ESvqjimH5wA,-0.1,2016-07-02 20:19:38,True,True
2016-07-03T02:46:30,Too bad they show the whole damn movie in the preview.... Looks good though,0,0,Tony Jackson,ESvqjimH5wA,0.06666666666666671,2016-07-03 02:46:30,True,True
2016-07-03T11:37:33,Wait...don't tell me. The crazy person dies just like in other films similar to this. I'm surprise this is not on the Lifetime channel.,0,0,MsUsagi513,ESvqjimH5wA,-0.24166666666666667,2016-07-03 11:37:33,True,True
2016-07-03T12:51:00,Morris my fav actor. Smooth mf,0,0,Jerome b williams,ESvqjimH5wA,0.4,2016-07-03 12:51:00,True,True
2016-07-03T23:36:56,This would've made a good book,0,0,jillhbaudhaan,ESvqjimH5wA,0.7,2016-07-03 23:36:56,True,True
2016-07-04T05:41:12,All black movies have the same three concepts.,0,0,KingCetshwayo,ESvqjimH5wA,-0.08333333333333333,2016-07-04 05:41:12,True,True
2016-07-08T10:56:38,When does it come out?,0,2,Abby 44332211,ESvqjimH5wA,0.0,2016-07-08 10:56:38,True,True
2016-07-11T16:00:28,Juan Carlos Ortiz! üòÇüôåüèæ,0,0,AsiaFBabi93,ESvqjimH5wA,0.0,2016-07-11 16:00:28,True,True
2016-07-14T04:08:42,1:15 crazy activated,0,0,Renald Music,ESvqjimH5wA,-0.6,2016-07-14 04:08:42,True,True
2016-07-14T09:05:14,Bitches be trippin,0,0,Lynne Parks,ESvqjimH5wA,0.0,2016-07-14 09:05:14,True,True
2016-07-14T21:53:21,omg cant  wait,0,0,Ciera Smith,ESvqjimH5wA,0.0,2016-07-14 21:53:21,True,True
2016-07-15T20:53:58,These thrillers are so 90s,0,0,shiboh productions,ESvqjimH5wA,0.0,2016-07-15 20:53:58,True,True
2016-07-19T07:12:10,I already knew where this was going right from 0:11,1,0,Kay Kad,ESvqjimH5wA,0.2857142857142857,2016-07-19 07:12:10,True,True
2016-07-20T01:36:50,Aye! This gonna be litüî• Who wants to go see this with me??üòÇüôãüèΩ,1,0,Ace Lov Games,ESvqjimH5wA,0.2,2016-07-20 01:36:50,True,True
2016-07-20T21:44:03,I think this movie is just gonna be excellent as Fatal Attraction .,0,0,Lynchez Wheeler,ESvqjimH5wA,1.0,2016-07-20 21:44:03,True,True
2016-07-21T02:19:23,Who sings the song in the preview?.??,0,0,Noemi Spangler,ESvqjimH5wA,0.0,2016-07-21 02:19:23,True,True
2016-07-21T02:23:59,I'm loving this remake of do you really want hurt me. plz who sings this???,0,0,Noemi Spangler,ESvqjimH5wA,0.4,2016-07-21 02:23:59,True,True
2016-07-21T05:58:14,this is like hand that rocks the cradle,0,0,Kelly Chant√©,ESvqjimH5wA,0.0,2016-07-21 05:58:14,True,True
2016-07-22T21:48:32,Good Trailer/Spoiler,1,0,carlos medrano,ESvqjimH5wA,0.7,2016-07-22 21:48:32,True,True
2016-07-22T23:46:03,Idk understand someone tell me,0,0,Eduardo Avila,ESvqjimH5wA,0.0,2016-07-22 23:46:03,True,True
2016-07-24T03:06:22,"This looks good. Like LIfetime, but with a Serious Budget",0,0,kjdnyhmghfvb,ESvqjimH5wA,0.18333333333333332,2016-07-24 03:06:22,True,True
2016-07-24T03:16:30,Regina Hall is one of the most underrated actresses in Hollywood. Glad that she's getting her fair shot,0,0,Hector Falu Muhammad,ESvqjimH5wA,0.5666666666666667,2016-07-24 03:16:30,True,True
2016-07-24T13:17:04,I would smash... lol,0,0,Mojalefa Thobane,ESvqjimH5wA,0.8,2016-07-24 13:17:04,True,True
2016-07-25T11:58:17,This is kinda like The Hand That Rocks The Cradle,0,0,Erykah Rose,ESvqjimH5wA,0.0,2016-07-25 11:58:17,True,True
2016-07-27T22:41:45,This has the feel of Obsessed the 2009 film with Beyonc√© and Idris Elba with a bit of  twist!  I think that I might see this one?,4,0,Yasmin E,ESvqjimH5wA,-0.625,2016-07-27 22:41:45,True,True
2016-07-30T03:53:43,typical women grudgeful  and want another woman's happiness,21,4,Roshane Reynolds,ESvqjimH5wA,0.26666666666666666,2016-07-30 03:53:43,True,True
2016-07-31T06:08:03,"This is a re-do of "" The hand that rocks the cradle"". Pretty much the same movie.",0,1,Lydia Sexton,ESvqjimH5wA,0.15,2016-07-31 06:08:03,True,True
2016-08-02T00:53:18,Somewhat like the deadly adoption I think,0,0,Megan Saper,ESvqjimH5wA,-0.2,2016-08-02 00:53:18,True,True
2016-08-02T01:11:16,This actually really fucked me up. Scary as all hail.,0,0,Brendan Reymann,ESvqjimH5wA,-0.55,2016-08-02 01:11:16,True,True
2016-08-02T04:05:02,Can someone please tell me the name of the song and artist at the ending of the video pleaseeeeee üòá,0,0,oma rainbow :D,ESvqjimH5wA,0.0,2016-08-02 04:05:02,True,True
2016-08-05T03:31:06,"womb forms a fetus, its her baby not by dna or  having it inside her but because her lining is dupplicating the cells, her lungs pass air to its liver. The trailer enforce the degradation of surgacy, she doesnt carry she grows. Makes sense though that she would get obssessed, because her subconcious is trying to understand why her body is  making this baby,  you are supposed to breed, usually with someone you love or lust. Catch  22  she cant harm your baby because its because of her the will be baby exsists.",0,0,Athens nike,ESvqjimH5wA,0.125,2016-08-05 03:31:06,True,True
2016-08-05T08:57:14,what is the song playing in the end...?,0,0,Gulali kakar,ESvqjimH5wA,0.0,2016-08-05 08:57:14,True,True
2016-08-06T02:13:42,Does anyone know the song that plays at the end of this trailer,0,0,Kelseyhamby@Gmail.com Kelsey1999,ESvqjimH5wA,0.0,2016-08-06 02:13:42,True,True
2016-08-08T14:58:26,The return of perfect guy,0,0,Gregory mthemba,ESvqjimH5wA,1.0,2016-08-08 14:58:26,True,True
2016-08-08T22:49:42,rassclaaatttt!!!!,0,0,PizzaDeliveryGuy,ESvqjimH5wA,0.0,2016-08-08 22:49:42,True,True
2016-08-08T23:41:53,Does Morris Chestnut has a thing for crazy people. This is his third such movie,3,0,Yashaswi Singh,ESvqjimH5wA,-0.19999999999999998,2016-08-08 23:41:53,True,True
2016-08-09T23:03:36,It looks so good!! I love movies with all black casts - they are so soulful and awesome!!,1,0,Karo Ibarra,ESvqjimH5wA,0.5833333333333333,2016-08-09 23:03:36,True,True
2016-08-11T21:28:47,What song is this?,0,0,Joseph Garza,ESvqjimH5wA,0.0,2016-08-11 21:28:47,True,True
2016-08-12T22:05:55,This just reminds me of the movie obsessed,79,12,Florence banjo,ESvqjimH5wA,-0.5,2016-08-12 22:05:55,True,True
2016-08-13T18:29:51,"Finally, Regina Hall in the lead!‚ò∫‚ò∫‚ò∫",1,0,LoveBeautyFun7,ESvqjimH5wA,0.0,2016-08-13 18:29:51,True,True
2016-08-15T01:21:16,Looks like complete shit. Can't wait to miss it.,1,0,Mark T,ESvqjimH5wA,-0.05,2016-08-15 01:21:16,True,True
2016-08-15T03:54:31,"does these produces tweet each other ?because their all making the same thing .maybe they should hire my 5 year old niece to produce one ,I think she'd to better smh ...",10,3,v bee,ESvqjimH5wA,0.11875,2016-08-15 03:54:31,True,True
2016-08-15T13:59:15,anyone know the name of the song that plays around the 1:25 mark?,0,0,Lelu Shae,ESvqjimH5wA,0.0,2016-08-15 13:59:15,True,True
2016-08-15T14:36:01,this is kind of like the hand that rocks the cradle,0,0,Kristen S.,ESvqjimH5wA,0.6,2016-08-15 14:36:01,True,True
2016-08-15T14:44:14,thats like the perfect gut,0,2,Guadalupe Garcia,ESvqjimH5wA,1.0,2016-08-15 14:44:14,True,True
2016-08-15T16:48:29,"this just looks like ""the orphan"" but in a black version lol.",30,15,Alejandra Cahue,ESvqjimH5wA,0.3166666666666667,2016-08-15 16:48:29,True,True
2016-08-15T17:11:26,One day black actors will get out of the zone of troubled love triangle drama movies. I mean we got past the Tyler Perry Era...almost.,79,3,Allen,ESvqjimH5wA,-0.14583333333333331,2016-08-15 17:11:26,True,True
2016-08-15T17:13:14,All that was missing from this trailer was my nachos and Goobers with popcorn combo. Saved me $20.00,0,0,Allen,ESvqjimH5wA,-0.2,2016-08-15 17:13:14,True,True
2016-08-15T17:20:12,Don't care still gonna go see it lol,10,0,Gabrielle Denise,ESvqjimH5wA,0.8,2016-08-15 17:20:12,True,True
2016-08-15T17:39:42,hand that rocks the cradle much?,0,0,just me,ESvqjimH5wA,0.2,2016-08-15 17:39:42,True,True
2016-08-16T00:17:04,this is a little too weird and out of the norm for me! I'll pass...,0,3,Dom P,ESvqjimH5wA,-0.40625,2016-08-16 00:17:04,True,True
2016-08-16T00:22:16,"Reminds me of ""The Orphan""",2,2,Kareem Universe,ESvqjimH5wA,0.0,2016-08-16 00:22:16,True,True
2016-08-16T05:46:53,So Obsessed w/o the white woman?????,2,0,Alyxus,ESvqjimH5wA,-0.25,2016-08-16 05:46:53,True,True
2016-08-16T08:12:36,"literally i know the beginning, middle, and end of the story",0,0,my name,ESvqjimH5wA,0.0,2016-08-16 08:12:36,True,True
2016-08-16T13:43:51,exactly today's trailers show the whole movie... This whole scene has been done before... It's just different characters in different movies... It's all part of a satanic corruption to get stepfather's into wanting their step daughters,0,0,Jay Day,ESvqjimH5wA,0.13,2016-08-16 13:43:51,True,True
2016-08-16T15:52:57,Yeah it looks exactly like the perfect guy part 2,1,0,Jacob Richardson,ESvqjimH5wA,0.625,2016-08-16 15:52:57,True,True
2016-08-16T17:47:31,Who else got aroused by this? Nobody? No?,1,1,Damien,ESvqjimH5wA,0.1,2016-08-16 17:47:31,True,True
2016-08-16T18:00:05,Do women actually do this kind of shit?,4,3,F X,ESvqjimH5wA,0.13333333333333333,2016-08-16 18:00:05,True,True
2016-08-16T18:08:44,Adoption. That is all.,132,7,Andrew Levin,ESvqjimH5wA,0.0,2016-08-16 18:08:44,True,True
2016-08-16T18:15:12,this movie is disturbing,0,0,UnratedMoves,ESvqjimH5wA,-0.5,2016-08-16 18:15:12,True,True
2016-08-16T18:59:09,I thought it was gonna be a nice little movie and then everything took a turn.,311,8,Faith,ESvqjimH5wA,0.20625,2016-08-16 18:59:09,True,True
2016-08-16T19:00:30,"Welp fellas, looks like we're about to get dragged to this one,",44,4,BADDWORLD !,ESvqjimH5wA,0.0,2016-08-16 19:00:30,True,True
2016-08-16T22:26:38,Im gagging!,0,0,DANDY TERRY,ESvqjimH5wA,0.0,2016-08-16 22:26:38,True,True
2016-08-17T00:02:19,Reminds me of this one movie except the people were white,0,0,skyla johnson,ESvqjimH5wA,0.0,2016-08-17 00:02:19,True,True
2016-08-17T01:38:14,theooooooo,0,0,Mika Feathress,ESvqjimH5wA,0.0,2016-08-17 01:38:14,True,True
2016-08-17T01:46:11,What is the name of the song and the woman singing it at 1:20? Thank you.,0,0,yumiko0017,ESvqjimH5wA,0.0,2016-08-17 01:46:11,True,True
2016-08-17T02:11:48,lol,0,0,Tony SVT,ESvqjimH5wA,0.8,2016-08-17 02:11:48,True,True
2016-08-17T02:48:58,"""Obsessed"" meets ""the family that preys"" 2.0",0,0,babygurl boo,ESvqjimH5wA,-0.5,2016-08-17 02:48:58,True,True
2016-08-17T03:08:42,I'm in there,0,0,BubbyorBubs,ESvqjimH5wA,0.0,2016-08-17 03:08:42,True,True
2016-08-17T11:14:23,Song at intro? Can't find the name anywhere...,0,0,Dbd WARRI0R,ESvqjimH5wA,0.0,2016-08-17 11:14:23,True,True
2016-08-18T10:41:31,Oh no. You might as well call this The Girl Next Door.,0,3,supermariofan03,ESvqjimH5wA,0.0,2016-08-18 10:41:31,True,True
2016-08-19T01:39:05,a movie for black women only,0,0,Jay More,ESvqjimH5wA,-0.08333333333333333,2016-08-19 01:39:05,True,True
2016-08-19T08:19:00,she scares me is she the devil or a ghost,0,0,Juanita Thomas,ESvqjimH5wA,0.0,2016-08-19 08:19:00,True,True
2016-08-20T00:36:54,"In the famous words of queen bey, ""You touched my child?""",3,0,rekia curry,ESvqjimH5wA,0.5,2016-08-20 00:36:54,True,True
2016-08-20T04:41:59,"This looks like shit! It reminds me of ""The Hand that Rocks the Cradle"". Basically this is a case of explosive diarrhea!",1,0,MUSIC LOVER,ESvqjimH5wA,-0.3125,2016-08-20 04:41:59,True,True
2016-08-21T18:25:52,i cant wait too üëÄ this,0,0,Ribea Watson,ESvqjimH5wA,0.0,2016-08-21 18:25:52,True,True
2016-08-22T18:08:05,It's similar to Obsessed but this movie has a way better plot in general. A lot of different twists are shown just in this trailer. I read countless books like Obsessed so I predicted the entire movie before watching it.,0,0,Melissa L. Holmes,ESvqjimH5wA,-0.056249999999999994,2016-08-22 18:08:05,True,True
2016-08-23T02:03:18,"Seriously? Another Lifetime idea coming to the big screen. First Obsessed, then The Perfect Guy, now this?",0,0,StikWitClassics,ESvqjimH5wA,0.08333333333333334,2016-08-23 02:03:18,True,True
2016-08-23T02:29:31,Wow interesting. I wanna watch,0,0,JuxBono,ESvqjimH5wA,0.3,2016-08-23 02:29:31,True,True
2016-08-23T14:25:36,I can't wait to go see this movie üòå,1,0,Heidi Atkins,ESvqjimH5wA,0.0,2016-08-23 14:25:36,True,True
2016-08-23T15:09:56,makes waaaaaaaaaaaaaaaaaaaaaaaaaaaaaaaaaaaaaaaaaaaaaaaaaaaaaaaaaaay more since,0,0,GG Wicks,ESvqjimH5wA,0.5,2016-08-23 15:09:56,True,True
2016-08-23T18:56:40,"Anna (Jaz) is ""deadly"" hot in that dress.",0,0,Rob's Adventures,ESvqjimH5wA,0.25,2016-08-23 18:56:40,True,True
2016-08-23T19:35:30,looks good. Can't wait to see it.,1,0,ari .x,ESvqjimH5wA,0.7,2016-08-23 19:35:30,True,True
2016-08-23T20:21:36,can't wait to it come out! üòòüòÇüòÉ,0,0,marquise London,ESvqjimH5wA,0.0,2016-08-23 20:21:36,True,True
2016-08-23T23:24:47,This looks kind of good. I love seeing more Black-cast thrillers and suspense!,0,0,Victoria Grace,ESvqjimH5wA,0.60625,2016-08-23 23:24:47,True,True
2016-08-24T10:14:46,YES. I was just on a trailer for Meet The Blacks complaining about all the black parody versions of movies and how they dont do us justice in showing that black people can do more than cheap comedy so I am SO happy to see this trailer. The plot is typical but it still looks good and no one has to do slapstick.,0,0,Bonniebells888,ESvqjimH5wA,0.2714285714285714,2016-08-24 10:14:46,True,True
2016-08-24T15:13:50,shouldnt this movie be rated r not pg 13,0,0,OfficalJJay rap,ESvqjimH5wA,0.0,2016-08-24 15:13:50,True,True
2016-08-24T23:17:09,The girl looks like Adrian maya,0,0,o itrufearless o,ESvqjimH5wA,0.0,2016-08-24 23:17:09,True,True
2016-08-25T01:10:01,this movie gonna be epicüòàüòé,0,0,Milton Pecina,ESvqjimH5wA,0.0,2016-08-25 01:10:01,True,True
2016-08-25T02:46:28,Wow,0,0,Colors Are Beautiful,ESvqjimH5wA,0.1,2016-08-25 02:46:28,True,True
2016-08-25T07:06:37,2:09 - so cute üòç,0,0,Maridalia Hernandez,ESvqjimH5wA,0.5,2016-08-25 07:06:37,True,True
2016-08-25T15:12:59,"This is a mixture of ""Swim Fan"" and ""Obsessed"" omg!",0,0,Jessica,ESvqjimH5wA,-0.625,2016-08-25 15:12:59,True,True
2016-08-25T16:05:02,cliche,0,0,Nashemmy Dur√°n Santos,ESvqjimH5wA,0.0,2016-08-25 16:05:02,True,True
2016-08-26T03:42:16,"""The rough breaks"" you mean No good deed just with a woman this time",0,0,Malena,ESvqjimH5wA,-0.25416666666666665,2016-08-26 03:42:16,True,True
2016-08-26T12:58:24,Anyone else think of the movie Obsessed? üòÇ,0,0,Lakevia Brown,ESvqjimH5wA,-0.5,2016-08-26 12:58:24,True,True
2016-08-26T23:59:06,Why this reminds me of a lifetime movie ? üòÇüò©üíÄ,1,0,Danny B,ESvqjimH5wA,0.0,2016-08-26 23:59:06,True,True
2016-08-28T03:34:36,When BET and lifetime decide to do a collab.,0,0,Priscilla O,ESvqjimH5wA,0.0,2016-08-28 03:34:36,True,True
2016-08-28T20:54:14,"I just get lifetime movies vibes from this movie though, so it seems to have plot that's very similar to one of their movies and the endings never really end on a happy note. A fair warning to those people that want to see it.",0,0,Rpglover,ESvqjimH5wA,0.35,2016-08-28 20:54:14,True,True
2016-08-28T22:37:11,This looks similar to the perfect guy and obsessed,2,0,Ebony SJ,ESvqjimH5wA,0.16666666666666666,2016-08-28 22:37:11,True,True
2016-08-29T02:25:16,this movies gonna be great,1,0,lizzyy,ESvqjimH5wA,0.8,2016-08-29 02:25:16,True,True
2016-08-29T04:53:49,I'm so looking forward to this. I thought Obsessed and The Perfect Guy were pretty good movies and this looks similar.,0,0,Nicholas Saini,ESvqjimH5wA,0.29,2016-08-29 04:53:49,True,True
2016-08-29T07:16:58,obsessed different Way..Love it..!!!!,0,0,deny_boyoh@yahoo.com Deny,ESvqjimH5wA,-0.25,2016-08-29 07:16:58,True,True
2016-08-29T15:03:56,"This look like it is going to be a good movie, and i can already tell from the trailer clip the fighting scenes are going to be great Regina Hall is going to work with that sister lol",0,0,Jay Frazier,ESvqjimH5wA,0.7666666666666666,2016-08-29 15:03:56,True,True
2016-08-29T15:08:12,when is it coming out ?,1,0,simple girl,ESvqjimH5wA,0.0,2016-08-29 15:08:12,True,True
2016-08-29T15:57:14,This actually looks really good. Thas why surrogates are a very BAD option. They get to decide what to do with the baby üòï,0,0,R g,ESvqjimH5wA,-0.06999999999999995,2016-08-29 15:57:14,True,True
2016-08-29T19:46:03,"This is a black version of the movie, The Hand That Rocks The Cradle.",1,0,HUMAN WAVES,ESvqjimH5wA,-0.16666666666666666,2016-08-29 19:46:03,True,True
2016-08-30T01:31:24,Does anyone know the name of the song in the beginning?,0,6,Jenica Sheckler,ESvqjimH5wA,0.0,2016-08-30 01:31:24,True,True
2016-08-30T04:04:20,omg i need to see this,0,0,Aly Escobar,ESvqjimH5wA,0.0,2016-08-30 04:04:20,True,True
2016-08-31T02:55:30,juice,0,0,Cameron Stenstrom,ESvqjimH5wA,0.0,2016-08-31 02:55:30,True,True
2016-09-01T14:38:58,I wanna watch this.,0,0,Chesca Walton,ESvqjimH5wA,0.0,2016-09-01 14:38:58,True,True
2016-09-01T16:26:23,every few years they recreate the movie Obsessed,10,0,A M,ESvqjimH5wA,-0.35,2016-09-01 16:26:23,True,True
2016-09-02T05:10:31,His dick must be powerful then geeze,1,0,Shao Junior,ESvqjimH5wA,0.3,2016-09-02 05:10:31,False,True
2016-09-02T17:45:49,Brenda beet dat ass,15,3,prettyboy Ian,ESvqjimH5wA,0.0,2016-09-02 17:45:49,False,True
2016-09-03T00:31:40,Just one out of many¬†thing that proves that¬†surrogate motherhood is a product¬†of Satan.,1,0,Roderick Todd,ESvqjimH5wA,0.4,2016-09-03 00:31:40,False,True
2016-09-03T04:53:08,See the surrogate actress in a dramatic early indie film here.  https://www.amazon.com/CROSSING-INTO-HEAVEN-Jaz-Sinclair/dp/B01L37428O/ref=sr_1_3?ie=UTF8&qid=1472608797&sr=8-3&keywords=crossing+heaven,0,0,mauriceDur,ESvqjimH5wA,-0.11111111111111109,2016-09-03 04:53:08,False,True
2016-09-03T10:02:56,kick her ass Brenda!lol,0,0,Psy-op83,ESvqjimH5wA,0.0,2016-09-03 10:02:56,False,True
2016-09-03T10:04:44,"they do need to come with something different, like make it a Dude instead of a chick or her sister or make it from the guys side.but damn",0,0,Psy-op83,ESvqjimH5wA,0.0,2016-09-03 10:04:44,False,True
2016-09-03T23:16:44,Lmao I got a trailer of this movie on this video üòÇ,0,0,Ola,ESvqjimH5wA,0.6,2016-09-03 23:16:44,False,True
2016-09-03T23:51:21,"shit!! shit!! shit !! this thing redundant !! It goes like, "" the hand that rocks the cradle """" Only this time we have the fine ass of Morris Chestnut :)",0,0,Inez Alleyne,ESvqjimH5wA,-0.04761904761904761,2016-09-03 23:51:21,False,True
2016-09-04T00:38:25,just like obsessed w bey and Idris...gonna B sooooo good!,0,0,Vocalz By Jamelle,ESvqjimH5wA,0.1875,2016-09-04 00:38:25,False,True
2016-09-04T15:25:02,ooh I got chills.,0,0,juree puppy,ESvqjimH5wA,0.0,2016-09-04 15:25:02,False,True
2016-09-04T21:27:33,song??,0,0,Billie and Poppy,ESvqjimH5wA,0.0,2016-09-04 21:27:33,False,True
2016-09-05T01:45:50,it's actually kinda unique because in most horror movie they try to kill the villain but in this one they can't touch her,60,4,Reese Miller,ESvqjimH5wA,0.2916666666666667,2016-09-05 01:45:50,False,True
2016-09-05T05:36:41,kinda like the movie Obsessed but with a teenager.,0,0,Kai Liao,ESvqjimH5wA,-0.5,2016-09-05 05:36:41,False,True
2016-09-05T12:09:51,"Seen this before  Black family learns there's another. Some sex is thrown in, someone's jealous and goes get that husband only to have the wife win. Its cliche, its cringy and not trying to sound racist, but why are these movies always involving black people. Is there something I missed? Or is this the only theme that directors go to and say 'Its perfect for my black comrades'",0,0,Peach Cup,ESvqjimH5wA,0.2125,2016-09-05 12:09:51,False,True
2016-09-05T16:24:01,i paused at when the showed the incident report it says homicide,0,0,Reese Miller,ESvqjimH5wA,0.0,2016-09-05 16:24:01,False,True
2016-09-05T19:00:36,Its basically a remake of the orphan,0,0,Joanne Fong,ESvqjimH5wA,0.0,2016-09-05 19:00:36,False,True
2016-09-05T23:51:41,remake of Obsessed,0,0,Supertina _,ESvqjimH5wA,-0.5,2016-09-05 23:51:41,False,True
2016-09-06T04:12:40,had an ad of the movie on this video,0,0,What The Kek,ESvqjimH5wA,0.0,2016-09-06 04:12:40,False,True
2016-09-06T05:31:59,this is why th r es no black actors nominated for oscars,1,0,Breal Playa,ESvqjimH5wA,0.08333333333333333,2016-09-06 05:31:59,False,True
2016-09-06T19:43:43,oh so its that kinda of movie noice,0,0,spider jerusalem,ESvqjimH5wA,0.0,2016-09-06 19:43:43,False,True
2016-09-06T23:44:58,I was so confused the 2 girls look so alike In the other trailers,0,0,BeastPenguin Gaming,ESvqjimH5wA,-0.2625,2016-09-06 23:44:58,False,True
2016-09-07T02:46:08,well it's practically the couples baby because she is just having it for them. And I know she's the mother but she is just is just having it for them,0,0,franchesca zayas,ESvqjimH5wA,0.0,2016-09-07 02:46:08,False,True
2016-09-07T02:47:04,that was practically the deal at the office or she could give the baby up and they can adopt the baby,0,0,franchesca zayas,ESvqjimH5wA,0.0,2016-09-07 02:47:04,False,True
2016-09-07T18:14:39,thanks just seen the whole movie,1,0,warofmankind,ESvqjimH5wA,0.2,2016-09-07 18:14:39,False,True
2016-09-08T07:50:30,all I see is rosey...,0,0,TV GIRL GENIUS,ESvqjimH5wA,0.0,2016-09-08 07:50:30,False,True
2016-09-09T02:02:36,"The last movie I saw Morris Chestnut in her was brutally murdered, I hope that doesn't happen in this flick.",0,0,Dan O Qam Yasharahla,ESvqjimH5wA,-0.4375,2016-09-09 02:02:36,False,True
2016-09-09T23:39:29,"Didn't they already make this movie?  Oh, they had to make a Black version....",0,0,catothewiser,ESvqjimH5wA,-0.16666666666666666,2016-09-09 23:39:29,False,True
2016-09-10T13:43:20,this was a great movie,0,0,chris daley,ESvqjimH5wA,0.8,2016-09-10 13:43:20,False,True
2016-09-10T21:41:14,can someone explain what this movie means?,1,0,Candle Fire,ESvqjimH5wA,0.0,2016-09-10 21:41:14,False,True
2016-09-10T23:36:45,This shit is bad,0,0,Water bottle flips,ESvqjimH5wA,-0.44999999999999996,2016-09-10 23:36:45,False,True
2016-09-11T03:48:43,"SOOO.... FROM MY UNDERSTANDING.... The couple cannot have a baby so they give the seed to the other girl, but the other girl is in love with the guy but hes loyal but he has to do it so she doesn't harm their child? what? guys help",0,2,sage,ESvqjimH5wA,0.14583333333333331,2016-09-11 03:48:43,False,True
2016-09-11T18:59:26,Watching this after Jeremy Jahns review,0,0,The Ravenclaw,ESvqjimH5wA,0.0,2016-09-11 18:59:26,False,True
2016-09-12T00:00:07,Believe it or not this is exactly the Black version of the movie The surrogate Lifetime movie please watch the surrogate i dont even wanna see this movie I already saw it but with white people!,0,0,jenean davis,ESvqjimH5wA,0.02777777777777778,2016-09-12 00:00:07,False,True
2016-09-12T00:57:14,Obsessed and the hand that rocks a cradle had a one night hot sex and gave birth to this trash boring no twist movie,1,0,Anonymous zilla,ESvqjimH5wA,-0.4166666666666667,2016-09-12 00:57:14,False,True
2016-09-12T04:07:25,Can anyone tell me the name of the song at the beginning?,0,1,GizmoBeck,ESvqjimH5wA,0.0,2016-09-12 04:07:25,False,True
2016-09-13T04:24:25,blacks hating on black again we ain't shit brah its just a movie and we're not in It at all,0,0,TheMitchells Mom,ESvqjimH5wA,-0.18333333333333335,2016-09-13 04:24:25,False,True
2016-09-13T17:40:06,reminds me of the movie that idris and beyonce were in together....,1,0,Dionne Da Costa,ESvqjimH5wA,0.0,2016-09-13 17:40:06,False,True
2016-09-14T02:30:36,i heard this movie was really stupid.,4,0,thewewguy8t88,ESvqjimH5wA,-0.7999999999999999,2016-09-14 02:30:36,False,True
2016-09-15T03:54:45,"I just watched this and it is very good. suspense thriller. 4/5 stars. It has it own twist, almost like ""hand that rocks the cradle"" but better.",0,0,Candiana,ESvqjimH5wA,0.6699999999999999,2016-09-15 03:54:45,False,True
2016-09-15T08:28:41,godamm,0,0,Kristina A,ESvqjimH5wA,0.0,2016-09-15 08:28:41,False,True
2016-09-16T00:12:38,After seeing that i dont need to see the movie. Lol,0,0,Tsitsi King,ESvqjimH5wA,0.8,2016-09-16 00:12:38,False,True
2016-09-18T00:05:13,i wanna see this SOOOOOOOOOOOOOOOOO bad,0,0,Sierra Grace,ESvqjimH5wA,-0.6999999999999998,2016-09-18 00:05:13,False,True
2016-09-19T21:24:10,Does anyone no where to find that song do you really want to hurt me in that version in the trailer,0,0,Patricia Rodriguez,ESvqjimH5wA,0.2,2016-09-19 21:24:10,False,True
2016-09-20T19:54:38,I saw this movie and it was great. I absolutely loved this movie.,0,0,Winfred Gamble,ESvqjimH5wA,0.75,2016-09-20 19:54:38,False,True
2016-09-21T20:44:08,BRENDA!!!!,0,0,Family Guy Clips,ESvqjimH5wA,0.0,2016-09-21 20:44:08,False,True
2016-09-22T00:54:37,Porn is better,0,0,CaptainBazynga,ESvqjimH5wA,0.5,2016-09-22 00:54:37,False,True
2016-09-23T03:02:51,CANT WAIT FOR THIS,0,0,Life With Les,ESvqjimH5wA,0.0,2016-09-23 03:02:51,False,True
2016-09-23T03:14:35,"Wait how is it legally her child until she's ready to give it up? That's not how surrogacy works, is it? :/",2,5,Stef S,ESvqjimH5wA,0.05000000000000001,2016-09-23 03:14:35,False,True
2016-09-23T16:24:56,"How many times is the crazed,obsessed lover,crush lunatic concept gonna be used in a movie????",1,0,moe green,ESvqjimH5wA,0.5,2016-09-23 16:24:56,False,True
2016-09-23T16:39:25,reminds me of obssed with byonce,0,0,miteruno,ESvqjimH5wA,0.0,2016-09-23 16:39:25,False,True
2016-09-23T18:45:07,Movie pissed me off üòÇüòÇ,1,0,Doneidra Mobley,ESvqjimH5wA,0.0,2016-09-23 18:45:07,False,True
2016-09-23T21:26:25,luv this movie,0,0,YT Cyrus,ESvqjimH5wA,0.0,2016-09-23 21:26:25,False,True
2016-09-24T09:11:17,i would have went with DB woodside instead of whoever this guy is.,0,4,liquidpersuasion,ESvqjimH5wA,0.0,2016-09-24 09:11:17,False,True
2016-09-24T15:38:08,Think they shouldve adopted,0,0,NK,ESvqjimH5wA,0.0,2016-09-24 15:38:08,False,True
2016-09-26T20:33:55,accually i love this movie but i would like to know wt will happen to them,0,0,amona talaat,ESvqjimH5wA,0.5,2016-09-26 20:33:55,False,True
2016-10-05T02:10:51,no offence the the actor but i need idris Elba for this joint thou,1,1,Bundess,ESvqjimH5wA,0.0,2016-10-05 02:10:51,False,True
2016-10-05T19:38:13,seems like a movie that would be on lifetime,1,0,francester sawyerr,ESvqjimH5wA,0.0,2016-10-05 19:38:13,False,True
2016-10-07T09:55:31,Is this Brenda from scarry movie?  hahahaha,0,0,Faiz Salman,ESvqjimH5wA,0.2,2016-10-07 09:55:31,False,True
2016-10-08T15:36:05,"Jaz Sinclair is very pretty. they like letting attrative people play villains in movies, especially your favorite actors.",1,0,ZHYBOO Davis,ESvqjimH5wA,0.27499999999999997,2016-10-08 15:36:05,False,True
2016-10-16T01:47:38,This was a gggoooddd movie,1,0,Shaquita Harris,ESvqjimH5wA,0.0,2016-10-16 01:47:38,False,True
2016-10-17T02:36:40,What did she do to the baby !!!!!!!!!!!!!!!üò±üò±üò±üò±üò±üò±,0,0,Mj Hope,ESvqjimH5wA,0.0,2016-10-17 02:36:40,False,True
2016-10-18T02:42:24,this is just like obsessed with Beyonce but different,0,0,mary monroe,ESvqjimH5wA,-0.25,2016-10-18 02:42:24,False,True
2016-10-20T08:11:04,lame...,2,0,HarryLopez82,ESvqjimH5wA,-0.5,2016-10-20 08:11:04,False,True
2016-10-21T21:10:22,Well that escalated quickly,0,0,Tawanda Mukaro,ESvqjimH5wA,0.3333333333333333,2016-10-21 21:10:22,False,True
2016-10-27T16:14:35,What song is playing ?,0,0,–û–ª–µ—Å—è –ü–µ—Ç—Ä–∞—à–∫–æ,ESvqjimH5wA,0.0,2016-10-27 16:14:35,False,True
2016-11-10T11:17:29,"I LIKE THIS GUY, HE IS ALWAYS CALM.",0,0,Elsie Mahlangu,ESvqjimH5wA,0.30000000000000004,2016-11-10 11:17:29,False,True
2016-11-22T19:25:54,damn,0,0,juffrouw pe,ESvqjimH5wA,0.0,2016-11-22 19:25:54,False,True
2016-11-27T00:41:09,T√ºrkler heryerde,0,0,eren √∂zkan,ESvqjimH5wA,0.0,2016-11-27 00:41:09,False,True
2016-11-27T21:30:37,Fatal Attraction:Black edition,0,0,Matt Petersen,ESvqjimH5wA,0.0,2016-11-27 21:30:37,False,True
2016-11-29T04:40:11,Thats why competion. Copys esch other still each others  ideas and every thing  what ever works is being copy or trend there no creativity  no more in some movies  ,0,0,Terence Buie,ESvqjimH5wA,-0.1875,2016-11-29 04:40:11,False,True
2016-12-06T15:38:59,"I'm so disappointed this movie was so crap, I expected a lot hey",0,0,DeeDee Nicole 123,ESvqjimH5wA,-0.55,2016-12-06 15:38:59,False,True
2016-12-14T23:47:56,just showed the whole movie in a trailer.,3,0,chihuahua Viking,ESvqjimH5wA,0.2,2016-12-14 23:47:56,False,False
2016-12-19T06:43:31,"In this film, they  killed the mother who born the child, and  who  carried him  in her womb 9 months, beside her suffering of his pregnancy they  considered  her just a tool to give birth and spawning  then they murdered her in cold blood, what will they say to this child when he grows up and asks them who killed my mother",1,0,abdullah al ahmed,ESvqjimH5wA,-0.3333333333333333,2016-12-19 06:43:31,False,False
2016-12-22T05:24:17,Regina Hall best acting!,3,0,Ant B,ESvqjimH5wA,0.5,2016-12-22 05:24:17,False,False
2016-12-22T12:06:08,"Could possibly be bad, but that probably won't stop me from seeing it.",0,0,agenttheater5,ESvqjimH5wA,-0.6999999999999998,2016-12-22 12:06:08,False,False
2016-12-23T18:23:35,this is obsession 2.0,0,0,dereck winter,ESvqjimH5wA,0.0,2016-12-23 18:23:35,False,False
2016-12-24T02:00:44,"best part ""Im sick of u, u crazy b****""",0,0,Yorsalem Habtemariam,ESvqjimH5wA,-0.10476190476190476,2016-12-24 02:00:44,False,False
2016-12-25T15:37:12,They need to do a gay black thriller!,0,0,JordanjamesX,ESvqjimH5wA,0.10416666666666669,2016-12-25 15:37:12,False,False
2016-12-25T19:54:23,is this worth watching someone tell me please,0,0,shyheem crenshaw,ESvqjimH5wA,0.3,2016-12-25 19:54:23,False,False
2016-12-27T18:48:41,looking to see a part 2,0,0,ryan farrell,ESvqjimH5wA,0.0,2016-12-27 18:48:41,False,False
2017-01-02T16:55:32,name of the song is a remix from Baby Daggers Do you really want to hurt me,0,0,Cris Cris,ESvqjimH5wA,0.2,2017-01-02 16:55:32,False,False
2017-01-16T18:25:06,AWESOME TRILLER,0,0,stapogej,ESvqjimH5wA,1.0,2017-01-16 18:25:06,False,False
2017-01-21T00:13:17,''You can do... anything... to me''  ''Girl do you know what you get yourself into with yo sexy ass!?'',0,0,Soul Fire,ESvqjimH5wA,0.625,2017-01-21 00:13:17,False,False
2017-01-24T00:18:18,"song at the beginning reminds me the full episode 6x09 of SUITS name of the song Beneath the Surface ‚Äì Demons of Ruby Mae, from 0:23 it reminds me GOSSIP GIRL lol name of the song ; Massiv Attack - Paradise Circus",0,0,Lady Hadjer,ESvqjimH5wA,0.575,2017-01-24 00:18:18,False,False
2017-02-05T10:24:25,This was supposed to be one of the worst movies of the yearüòÇüòÇ,0,0,Stephanie Roth,ESvqjimH5wA,-1.0,2017-02-05 10:24:25,False,False
2017-02-05T12:02:02,omg it's Brenda!,0,0,Josh Santiago,ESvqjimH5wA,0.0,2017-02-05 12:02:02,False,False
2017-03-04T06:04:54,this movie is pretty good,0,0,Chrissy BrittieBoo,ESvqjimH5wA,0.475,2017-03-04 06:04:54,False,False
2017-04-16T00:50:17,Watching Boyz N The Hood right now brought me to google to see what Morris Chestnut looked like today brought me to a result with a trailer for his latest movie brought me to here.,0,0,Richard Rico,ESvqjimH5wA,0.39285714285714285,2017-04-16 00:50:17,False,False
2017-04-26T00:05:43,I had to hurry up and pause it y did u reveal so much of the movie in the trailer???? ama watch it just the same thou,0,0,samiel francis,ESvqjimH5wA,0.1,2017-04-26 00:05:43,False,False
2017-04-27T14:49:31,look at her eyes???? he says....they look like that of a crazy bitch,0,0,Mercy Katunge,ESvqjimH5wA,-0.6,2017-04-27 14:49:31,False,False
2017-05-02T02:32:00,The film was completely shit compared to obsessed & the perfect guy .,0,0,Odio Tutti,ESvqjimH5wA,0.10000000000000002,2017-05-02 02:32:00,False,False
2017-05-16T13:08:01,Looks like a good movie but trailers like this give too much the best parts and the storyline away that I often wonder 'what the point of watching it.,1,0,Mabusai,ESvqjimH5wA,0.6333333333333333,2017-05-16 13:08:01,False,False
2017-06-14T06:50:59,OMG! I'm convinced that she has the child....and THEN kills it! Wow!  :o,0,0,Peppermint Snowdrift,ESvqjimH5wA,0.0875,2017-06-14 06:50:59,False,False
2017-06-23T22:50:20,is this on Netflix ?,0,0,rizeuse,ESvqjimH5wA,0.0,2017-06-23 22:50:20,False,False
2017-06-25T17:51:43,This is a movie I wanna see,0,0,C Will,ESvqjimH5wA,0.0,2017-06-25 17:51:43,False,False
2017-07-22T18:36:04,It's like a mixture of the perfect guy and obsessed no? Still want to see it tho üëÄ,0,0,TŒõSS.K,ESvqjimH5wA,0.25,2017-07-22 18:36:04,False,False
2017-08-07T02:15:17,Wow....this is intriguing,0,0,nicole m,ESvqjimH5wA,0.30000000000000004,2017-08-07 02:15:17,False,False
2017-08-14T00:51:36,this is just like the movie 'Obsessed',1,0,Cream Angel,ESvqjimH5wA,-0.5,2017-08-14 00:51:36,False,False
2017-08-26T19:29:12,LIfetime Copy Cat!!!,0,0,Angela H,ESvqjimH5wA,0.0,2017-08-26 19:29:12,False,False
2017-09-08T05:49:10,Thatz a good movie;) I'll mark it a 5 üåü,0,0,Steryjen Deese,ESvqjimH5wA,0.475,2017-09-08 05:49:10,False,False
2017-09-17T03:28:47,This movie totally sucked! I have seen or glanced at crap just like this on lifetime  which is trash. Sorry but i searched for good black family movies. This is not family movie. Again violence & sex...,0,0,Elisa Griffith,ESvqjimH5wA,-0.15333333333333335,2017-09-17 03:28:47,False,False
2017-09-28T08:12:42,good movie but how many times do they do the exact same scenario every year same plot different celebs,1,0,Denise Trujillo,ESvqjimH5wA,0.24166666666666667,2017-09-28 08:12:42,False,False
2017-10-02T17:47:47,Somebody tell me please which song does the the very  first soundtrack belongs to??,0,0,Makaweys Uweys,ESvqjimH5wA,0.325,2017-10-02 17:47:47,False,False
2017-10-09T02:09:15,Regina Hall is NOT funny in this movie,0,0,Dzoel Vi Ca,ESvqjimH5wA,-0.125,2017-10-09 02:09:15,False,False
2018-01-18T20:54:16,When The Bought Brakes,1,0,Bettie R.,ESvqjimH5wA,0.0,2018-01-18 20:54:16,False,False
2018-02-08T02:48:07,I wanted to see thissss,0,0,Ma'Rya,ESvqjimH5wA,0.0,2018-02-08 02:48:07,False,False
2018-02-08T02:53:25,how is it her baby if its...oh did they not do ¬† the egg thing when you take out the mom egg and use that,0,0,Ma'Rya,ESvqjimH5wA,0.0,2018-02-08 02:53:25,False,False
2018-02-11T20:21:58,This is the black version of fatal attraction,1,0,Cutiepututie 18,ESvqjimH5wA,-0.16666666666666666,2018-02-11 20:21:58,False,False
2018-03-09T02:02:28,üëäüèæüëäüèæüëäüèæüò°üò°üò°üò°üå™,0,0,Miracle Henderson,ESvqjimH5wA,0.0,2018-03-09 02:02:28,False,False
2018-04-30T02:30:00,What‚Äôs the name for the movie?,0,0,urpieceofheaven 2,ESvqjimH5wA,0.0,2018-04-30 02:30:00,False,False
2018-08-07T05:20:14,Harley Dean as your surrogate???,0,0,Oraro Maochi,ESvqjimH5wA,0.0,2018-08-07 05:20:14,False,False
2018-08-16T15:33:18,I'm so confused someone please explain what I just watched,1,0,I'm just trying to be relatable lol,ESvqjimH5wA,-0.4,2018-08-16 15:33:18,False,False
2018-08-29T22:37:17,Wasn't 0.47 in SZA's song The Weekend ??,1,0,Rachel Rayy,ESvqjimH5wA,0.0,2018-08-29 22:37:17,False,False
2018-11-05T19:42:55,"Similar to ""Only for one night"".",0,0,Shania GailColeen,ESvqjimH5wA,0.0,2018-11-05 19:42:55,False,False
2018-12-05T22:28:06,Hot movie,0,0,Zuleika Coffie,ESvqjimH5wA,0.25,2018-12-05 22:28:06,False,False
2019-01-01T02:36:14,Luv this movie reallyüíØüëä good,1,0,alpha kidd mvp vendetta,ESvqjimH5wA,0.7,2019-01-01 02:36:14,False,False
2019-01-26T14:45:28,What's the obsession with having a biological baby? It's totally overrated and there are millions of adopted children that turn out better than the biological ones,0,0,Not the Doctor,ESvqjimH5wA,0.25,2019-01-26 14:45:28,False,False
2019-01-27T21:49:14,somebody spoil this for me,0,0,d m,ESvqjimH5wA,0.0,2019-01-27 21:49:14,False,False
2019-02-15T06:30:00,You and me,0,0,Musa Saeed,ESvqjimH5wA,0.0,2019-02-15 06:30:00,False,False
2019-02-24T06:26:53,This movie was dope,0,0,Fashion Goddezz,ESvqjimH5wA,0.0,2019-02-24 06:26:53,False,False
2019-03-27T14:59:26,They could have just adoptedüò≤üò¨,0,0,thats on period,ESvqjimH5wA,0.0,2019-03-27 14:59:26,False,False
2019-06-08T23:48:59,Oh that‚Äôs shades from Luke cage,0,0,slope.,ESvqjimH5wA,0.0,2019-06-08 23:48:59,False,False
2019-07-09T23:23:14,"She is a great actress but, I don't get it when Regina Hall is always portrayed as a gorgeous lady",0,0,Laoagan Lester,ESvqjimH5wA,0.75,2019-07-09 23:23:14,False,False
2019-07-14T21:46:42,"Watch already, lovely movie.",1,0,Sam Adams,ESvqjimH5wA,0.5,2019-07-14 21:46:42,False,False
2019-07-15T06:06:02,Nigerians already shot this movie with @mercyjohnsonokojie hahahahaha,0,0,Jenny Ichu,ESvqjimH5wA,0.2,2019-07-15 06:06:02,False,False
2019-07-21T01:17:20,go Brenda!,0,0,One Fat Kitten,ESvqjimH5wA,0.0,2019-07-21 01:17:20,False,False
2019-08-23T00:49:36,Damn I thought it was nice movie,0,0,Jay Jay Rockstar,ESvqjimH5wA,0.6,2019-08-23 00:49:36,False,False
2019-10-21T02:40:51,Movie was Trash,0,0,Summer Night,ESvqjimH5wA,0.0,2019-10-21 02:40:51,False,False
2020-01-09T15:15:42,"Smartness is important in marriage and in a relationship and I‚Äôm glad that cyberhackinggenius helped cloned my husband‚Äôs phone. I got access to all his dealings both on phone and social media without touching his phone. All I did was share my husband‚Äôs phone number with Cyberhackinggenius and I was able to read both his new and deleted messages from my phone without having to touch his phone. My husband was a cheating Narcissist and I‚Äôm glad to find out all his secrets and infidelity with the help of cyberhackinggenius. I‚Äôm here in UK and able to access my husband‚Äôs phone messages with a link on my phone even while he was away in Canada cheating on me. I got to discover that my husband who is legally married to me here in UK is also recently married to another woman in Canada and I‚Äôm finally going through a divorce with lots of evidence against him. I read all deleted and recent chats on his Whatsapp, Twitter,Facebook,Instagram messages and Skype. You can contact this great hacker ‚ÄúGavin‚Äù via Gmail¬† (cyberhackinggenius) or text and speak to him directly on his phone and WhatsApp : +19256795146 and I hope you find peace with your heart after finding the truth.",0,0,Elizabeth Anderson,ESvqjimH5wA,0.31926406926406925,2020-01-09 15:15:42,False,False
2020-02-04T00:36:01,Oh my God they got it right I'm so surprised I forgot what this movie was called but I always wanted to watch it and I looked up what's the movie where the surrogate falls in love with the husband and she runs away with the baby I literally looked it up and it's this movie I'm so happy I found it,1,0,kyndra davis,ESvqjimH5wA,0.42142857142857143,2020-02-04 00:36:01,False,False
2020-02-27T19:16:40,This jawn was good.,0,0,WRECK 215,ESvqjimH5wA,0.7,2020-02-27 19:16:40,False,False
2020-03-21T20:34:38,This is me in her,0,0,Arukah,ESvqjimH5wA,0.0,2020-03-21 20:34:38,False,False
