Year,Rank,Title,tt_id,rl_id,release_date,company,mpaa,genres,runtime,director,actors,budget,bo_opening,bo_gross,imdb_score
2000,1,How the Grinch Stole Christmas,tt0170016,rl3059189249,2000-11-17,Universal Pictures,PG,"Comedy,Family,Fantasy",104,Ron Howard,"Jim Carrey,Taylor Momsen,Kelley,Jeffrey Tambor",123.0,55.08233,260.044825,6.2
2000,2,Mission: Impossible II,tt0120755,rl1600292353,2000-05-24,Paramount Pictures,PG-13,"Action,Adventure,Thriller",123,John Woo,"Tom Cruise,Dougray Scott,Thandie Newton,Ving Rhames",125.0,57.845297,215.409889,6.1
2000,3,Gladiator,tt0172495,rl2136245761,2000-05-05,DreamWorks Distribution,R,"Action,Adventure,Drama",155,Ridley Scott,"Russell Crowe,Joaquin Phoenix,Connie Nielsen,Oliver Reed",103.0,34.819017,187.705427,8.5
2000,4,The Perfect Storm,tt0177971,rl661161473,2000-06-30,Warner Bros.,PG-13,"Action,Adventure,Drama,Thriller",130,Wolfgang Petersen,"George Clooney,Mark Wahlberg,John C. Reilly,Diane Lane",140.0,41.325042,182.618434,6.4
2000,5,Meet the Parents,tt0212338,rl677545473,2000-10-06,Universal Pictures,PG-13,"Comedy,Romance",108,Jay Roach,"Ben Stiller,Robert De Niro,Teri Polo,Blythe Danner",55.0,28.6233,166.244045,7.0
2000,6,X-Men,tt0120903,rl1383761409,2000-07-14,Twentieth Century Fox,PG-13,"Action,Adventure,Sci-Fi",104,Bryan Singer,"Patrick Stewart,Hugh Jackman,Ian McKellen,Famke Janssen",75.0,54.471475,157.299718,7.4
2000,7,Scary Movie,tt0175142,rl4033840641,2000-07-07,Miramax,R,Comedy,88,Keenen Ivory Wayans,"Anna Faris,Jon Abrahams,Marlon Wayans,Carmen Electra",19.0,42.346669,157.019771,6.2
2000,8,What Lies Beneath,tt0161081,rl4084762113,2000-07-21,DreamWorks Distribution,PG-13,"Drama,Fantasy,Horror,Mystery,Thriller",130,Robert Zemeckis,"Harrison Ford,Michelle Pfeiffer,Katharine Towne,Miranda Otto",100.0,29.702959,155.464351,6.6
2000,9,Dinosaur,tt0130623,rl2605680129,2000-05-19,Walt Disney Studios,PG,"Adventure,Animation,Family,Thriller",82,Eric Leighton,"D.B. Sweeney,Julianna Margulies,Samuel E. Wright,Alfre Woodard",127.5,38.854851,137.748063,6.5
2000,10,Erin Brockovich,tt0195685,rl3612444161,2000-03-17,Universal Pictures,R,"Biography,Drama",131,Steven Soderbergh,"Julia Roberts,Albert Finney,David Brisbin,Dawn Didawick",52.0,28.138465,125.595205,7.3
2000,11,Nutty Professor II: The Klumps,tt0144528,rl2388428289,2000-07-28,Universal Pictures,PG-13,"Comedy,Romance,Sci-Fi",106,Peter Segal,"Eddie Murphy,Janet Jackson,Larry Miller,John Ales",84.0,42.51883,123.30989,4.4
2000,12,Charlie's Angels,tt0160127,rl608929281,2000-11-03,Sony Pictures Releasing,PG-13,"Action,Adventure,Comedy,Crime,Thriller",98,McG,"Cameron Diaz,Drew Barrymore,Lucy Liu,Bill Murray",93.0,40.12855,125.305545,5.5
2000,13,Big Momma's House,tt0208003,rl38241793,2000-06-02,Twentieth Century Fox,PG-13,"Action,Comedy,Crime",99,Raja Gosnell,"Martin Lawrence,Nia Long,Paul Giamatti,Jascha Washington",30.0,25.661041,117.559438,5.2
2000,14,Remember the Titans,tt0210945,rl2892858881,2000-09-29,Walt Disney Studios,PG,"Biography,Drama,Sport",113,Boaz Yakin,"Denzel Washington,Will Patton,Wood Harris,Ryan Hurst",30.0,20.905831,115.654751,7.8
2000,15,The Patriot,tt0187393,rl3244918273,2000-06-28,Sony Pictures Releasing,R,"Action,Drama,History,War",165,Roland Emmerich,"Mel Gibson,Heath Ledger,Joely Richardson,Jason Isaacs",110.0,22.41371,113.330342,7.2
2000,16,What Women Want,tt0207201,rl3849881089,2000-12-15,Paramount Pictures,PG-13,"Comedy,Fantasy,Romance",127,Nancy Meyers,"Mel Gibson,Helen Hunt,Marisa Tomei,Alan Alda",70.0,33.614543,182.811707,6.4
2000,17,Chicken Run,tt0120630,rl1649116673,2000-06-23,DreamWorks Distribution,,"Adventure,Animation,Comedy,Drama,Family",84,Peter Lord,"Mel Gibson,Julia Sawalha,Phil Daniels,Lynn Ferguson",45.0,17.506162,106.834564,7.0
2000,18,Gone in 60 Seconds,tt0187078,rl2203354625,2000-06-09,Walt Disney Studios,PG-13,"Action,Crime,Thriller",118,Dominic Sena,"Nicolas Cage,Angelina Jolie,Giovanni Ribisi,T.J. Cross",90.0,25.336048,101.648571,6.5
2000,19,Cast Away,tt0162222,rl2772993537,2000-12-22,Twentieth Century Fox,PG-13,"Adventure,Drama,Romance",143,Robert Zemeckis,"Tom Hanks,Helen Hunt,Paul Sanchez,Lari White",90.0,28.883406,233.632142,7.8
2000,20,"Me, Myself & Irene",tt0183505,rl274892289,2000-06-23,Twentieth Century Fox,R,Comedy,116,Bobby Farrelly,"Jim Carrey,Renée Zellweger,Anthony Anderson,Mongo Brownlee",51.0,24.209385,90.570999,6.6
2000,21,Space Cowboys,tt0186566,rl3782247937,2000-08-04,Warner Bros.,PG-13,"Action,Adventure,Thriller",130,Clint Eastwood,"Clint Eastwood,Tommy Lee Jones,Donald Sutherland,James Garner",65.0,18.093776,90.464773,6.4
2000,22,Scream 3,tt0134084,rl3614410241,2000-02-04,Dimension Films,R,"Horror,Mystery",116,Wes Craven,"David Arquette,Neve Campbell,Courteney Cox,Liev Schreiber",40.0,34.713342,89.143175,5.6
2000,23,Unbreakable,tt0217869,rl3195438593,2000-11-22,Walt Disney Studios,PG-13,"Drama,Mystery,Sci-Fi,Thriller",106,M. Night Shyamalan,"Bruce Willis,Samuel L. Jackson,Robin Wright,Spencer Treat Clark",75.0,30.330771,95.011339,7.3
2000,24,U-571,tt0141926,rl1249281537,2000-04-21,Universal Pictures,PG-13,"Action,War",116,Jonathan Mostow,"Matthew McConaughey,Bill Paxton,Harvey Keitel,Jon Bon Jovi",62.0,19.55331,77.122415,6.6
2000,25,Hollow Man,tt0164052,rl4065953281,2000-08-04,Sony Pictures Releasing,R,"Action,Horror,Sci-Fi,Thriller",112,Paul Verhoeven,"Kevin Bacon,Elisabeth Shue,Josh Brolin,Kim Dickens",95.0,26.414386,73.20934,5.8
2000,27,Shaft,tt0162650,rl2322499073,2000-06-16,Paramount Pictures,R,"Action,Crime,Thriller",99,John Singleton,"Samuel L. Jackson,Vanessa Williams,Christian Bale,Jeffrey Wright",46.0,21.714757,70.334258,5.9
2000,29,The Kid,tt0219854,rl4216292865,2000-07-07,Walt Disney Studios,PG,"Comedy,Family,Fantasy",104,Jon Turteltaub,"Bruce Willis,Spencer Breslin,Emily Mortimer,Lily Tomlin",65.0,12.687726,69.691949,6.1
2000,30,Rugrats in Paris: The Movie,tt0213203,rl3580659201,2000-11-17,Paramount Pictures,,"Adventure,Animation,Comedy,Family,Romance",78,Stig Bergqvist,"Christine Cavanaugh,Elizabeth Daily,Cheryl Chase,Tara Strong",30.0,22.718184,76.507756,6.1
2000,31,Road Trip,tt0215129,rl1684833793,2000-05-19,DreamWorks Distribution,R,Comedy,93,Todd Phillips,"Breckin Meyer,Seann William Scott,Amy Smart,Paulo Costanzo",16.0,15.484004,68.540777,6.4
2000,32,Bring It On,tt0204946,rl2085193217,2000-08-25,Universal Pictures,PG-13,"Comedy,Romance,Sport",98,Peyton Reed,"Kirsten Dunst,Eliza Dushku,Jesse Bradford,Gabrielle Union",11.0,17.362105,68.379,6.0
2000,33,Rules of Engagement,tt0160797,rl3412887041,2000-04-07,Paramount Pictures,R,"Drama,Thriller,War",128,William Friedkin,"Tommy Lee Jones,Samuel L. Jackson,Guy Pearce,Ben Kingsley",60.0,15.011181,61.33523,6.4
2000,34,The Cell,tt0209958,rl3964175873,2000-08-18,New Line Cinema,R,"Horror,Sci-Fi,Thriller",107,Tarsem Singh,"Jennifer Lopez,Vince Vaughn,Vincent D'Onofrio,Colton James",33.0,17.51505,61.334059,6.3
2000,35,Mission to Mars,tt0183523,rl3596781057,2000-03-10,Walt Disney Studios,PG,"Adventure,Sci-Fi,Thriller",114,Brian De Palma,"Tim Robbins,Gary Sinise,Don Cheadle,Connie Nielsen",100.0,22.855247,60.883407,5.7
2000,36,Coyote Ugly,tt0200550,rl1900905985,2000-08-04,Walt Disney Studios,PG-13,"Comedy,Drama,Music,Romance",100,David McNally,"Piper Perabo,Adam Garcia,John Goodman,Maria Bello",45.0,17.319282,60.786269,5.7
2000,37,Snow Day,tt0184907,rl57705985,2000-02-11,Paramount Pictures,PG,"Adventure,Comedy,Family",89,Chris Koch,"Chevy Chase,Mark Webber,Schuyler Fisk,Chris Elliott",13.0,14.331819,60.020107,5.1
2000,40,Next Friday,tt0195945,rl845645313,2000-01-12,New Line Cinema,R,Comedy,98,Steve Carr,"Ice Cube,Mike Epps,Justin Pierce,John Witherspoon",11.0,14.465156,57.328603,6.2
2000,41,The Whole Nine Yards,tt0190138,rl2054915585,2000-02-18,Warner Bros.,,"Comedy,Crime",98,Jonathan Lynn,"Bruce Willis,Matthew Perry,Rosanna Arquette,Michael Clarke Duncan",41.3,13.73107,57.262492,6.7
2000,42,Shanghai Noon,tt0184894,rl4050552321,2000-05-26,Walt Disney Studios,PG-13,"Action,Adventure,Comedy,Western",110,Tom Dey,"Jackie Chan,Owen Wilson,Lucy Liu,Brandon Merrill",55.0,15.607034,56.937502,6.6
2000,43,Romeo Must Die,tt0165929,rl2674689537,2000-03-22,Warner Bros.,R,"Action,Crime,Thriller",115,Andrzej Bartkowiak,"Jet Li,Aaliyah,Isaiah Washington,Russell Wong",25.0,18.014503,55.973336,6.1
2000,44,102 Dalmatians,tt0211181,rl927041025,2000-11-22,Walt Disney Studios,,"Adventure,Comedy,Family",100,Kevin Lima,"Glenn Close,Gérard Depardieu,Ioan Gruffudd,Alice Evans",85.0,19.883351,66.957026,4.9
2000,46,Final Destination,tt0195714,rl3193144833,2000-03-17,New Line Cinema,R,"Horror,Thriller",98,James Wong,"Devon Sawa,Ali Larter,Kerr Smith,Kristen Cloke",23.0,10.015822,53.331147,6.7
2000,49,The Road to El Dorado,tt0138749,rl1869383169,2000-03-31,DreamWorks Distribution,PG,"Adventure,Animation,Comedy,Family,Romance",89,Bibo Bergeron,"Kevin Kline,Kenneth Branagh,Rosie Perez,Armand Assante",95.0,12.846652,50.863742,6.9
2000,51,Vertical Limit,tt0190865,rl1702462977,2000-12-08,Sony Pictures Releasing,PG-13,"Action,Adventure,Drama,Thriller",124,Martin Campbell,"Scott Glenn,Chris O'Donnell,Bill Paxton,Robin Tunney",75.0,15.507845,69.243859,5.9
2000,52,Men of Honor,tt0203019,rl157451777,2000-11-10,Twentieth Century Fox,R,"Biography,Drama",129,George Tillman Jr.,"Cuba Gooding Jr.,Robert De Niro,Charlize Theron,Aunjanue Ellis",32.0,13.339465,48.818921,7.2
2000,54,The Tigger Movie,tt0220099,rl2406778369,2000-02-11,Walt Disney Studios,,"Animation,Comedy,Drama,Family,Musical",77,Jun Falkenstein,"Jim Cummings,Nikita Hopkins,Ken Sansom,John Fiedler",30.0,9.427532,45.554533,6.3
2000,55,Frequency,tt0186151,rl3377628673,2000-04-28,New Line Cinema,PG-13,"Crime,Drama,Mystery,Sci-Fi,Thriller",118,Gregory Hoblit,"Dennis Quaid,Jim Caviezel,Shawn Doyle,Elizabeth Mitchell",31.0,9.025584,45.010278,7.3
2000,56,The Replacements,tt0191397,rl2624423425,2000-08-11,Warner Bros.,PG-13,"Comedy,Sport",118,Howard Deutch,"Keanu Reeves,Gene Hackman,Brooke Langton,Orlando Jones",50.0,11.039214,44.737059,6.6
2000,57,Pokémon the Movie 2000,tt0210234,rl443254273,2000-07-21,Warner Bros.,,"Action,Adventure,Animation,Family,Fantasy",84,Michael Haigney,"Veronica Taylor,Rica Matsumoto,Madeleine Blaustein,Mayumi Izuka",30.0,19.575608,43.758684,6.1
2000,58,Miss Congeniality,tt0212346,rl3848439297,2000-12-22,Warner Bros.,PG-13,"Action,Comedy,Crime,Romance",109,Donald Petrie,"Sandra Bullock,Michael Caine,Benjamin Bratt,Candice Bergen",45.0,10.046534,106.807667,6.2
2000,60,The Beach,tt0163978,rl1027900929,2000-02-11,Twentieth Century Fox,R,"Adventure,Drama,Romance,Thriller",119,Danny Boyle,"Leonardo DiCaprio,Daniel York,Patcharawan Patarakijjanon,Virginie Ledoyen",50.0,15.277921,39.785027,6.7
2000,62,Pitch Black,tt0134847,rl3915941377,2000-02-18,USA Films,R,"Action,Horror,Sci-Fi",109,David Twohy,"Radha Mitchell,Cole Hauser,Vin Diesel,Keith David",23.0,11.577688,39.240659,7.1
2000,63,The Emperor's New Groove,tt0120917,rl2572256769,2000-12-15,Walt Disney Studios,,"Adventure,Animation,Comedy,Family,Fantasy",78,Mark Dindal,"David Spade,John Goodman,Eartha Kitt,Patrick Warburton",100.0,9.812302,89.302687,7.3
2000,64,The Family Man,tt0218967,rl4132472321,2000-12-22,Universal Pictures,PG-13,"Comedy,Drama,Fantasy,Romance",125,Brett Ratner,"Nicolas Cage,Téa Leoni,Don Cheadle,Jeremy Piven",60.0,10.55496,75.793305,6.8
2000,65,Little Nicky,tt0185431,rl694257153,2000-11-10,New Line Cinema,PG-13,"Comedy,Fantasy",90,Steven Brill,"Adam Sandler,Patricia Arquette,Harvey Keitel,Rhys Ifans",85.0,16.063904,39.464775,5.3
2000,66,The Original Kings of Comedy,tt0236388,rl1768326657,2000-08-18,Paramount Pictures,R,"Comedy,Documentary",115,Spike Lee,"Steve Harvey,D.L. Hughley,Cedric the Entertainer,Bernie Mac",13.0,11.053832,38.18279,6.9
2000,67,Autumn in New York,tt0174480,rl826639873,2000-08-11,Metro-Goldwyn-Mayer (MGM),PG-13,"Drama,Romance",103,Joan Chen,"Richard Gere,Winona Ryder,Anthony LaPaglia,Elaine Stritch",65.0,10.987006,37.761915,5.7
2000,68,Bedazzled,tt0230030,rl2118419969,2000-10-20,Twentieth Century Fox,PG-13,"Comedy,Fantasy",93,Harold Ramis,"Brendan Fraser,Elizabeth Hurley,Frances O'Connor,Miriam Shor",48.0,13.106526,37.88698,6.0
2000,69,28 Days,tt0191754,rl1245808129,2000-04-14,Sony Pictures Releasing,PG-13,"Comedy,Drama",103,Betty Thomas,"Sandra Bullock,Viggo Mortensen,Dominic West,Elizabeth Perkins",43.0,10.310672,37.170488,6.0
2000,70,Keeping the Faith,tt0171433,rl962364929,2000-04-14,Walt Disney Studios,PG-13,"Comedy,Drama,Romance",128,Edward Norton,"Ben Stiller,Edward Norton,Jenna Elfman,Anne Bancroft",29.0,8.078671,37.04788,6.3
2000,71,Bounce,tt0186894,rl2655421953,2000-11-17,Miramax,PG-13,"Drama,Romance",106,Don Roos,"Ben Affleck,Gwyneth Paltrow,Natasha Henstridge,Edward Edwards",35.0,11.423716,36.805288,5.7
2000,72,Hanging Up,tt0162983,rl425100801,2000-02-18,Sony Pictures Releasing,PG-13,"Comedy,Drama",94,Diane Keaton,"Diane Keaton,Meg Ryan,Lisa Kudrow,Walter Matthau",60.0,13.567978,36.05023,4.9
2000,73,The Flintstones in Viva Rock Vegas,tt0158622,rl928155137,2000-04-28,Universal Pictures,PG,"Comedy,Family,Romance,Sci-Fi",90,Brian Levant,"Mark Addy,Stephen Baldwin,Kristen Johnston,Jane Krakowski",83.0,10.518435,35.268275,3.6
2000,74,The Skulls,tt0192614,rl3950085633,2000-03-31,Universal Pictures,PG-13,"Action,Crime,Drama,Thriller",106,Rob Cohen,"Joshua Jackson,Paul Walker,Hill Harper,Leslie Bibb",35.0,11.034885,35.04612,5.6
2000,76,The 6th Day,tt0216216,rl3493955073,2000-11-17,Sony Pictures Releasing,PG-13,"Action,Mystery,Sci-Fi,Thriller",123,Roger Spottiswoode,"Arnold Schwarzenegger,Michael Rapaport,Tony Goldwyn,Michael Rooker",82.0,13.020883,34.60428,5.9
2000,77,My Dog Skip,tt0156812,rl40142337,2000-01-14,Warner Bros.,PG,"Comedy,Drama,Family",95,Jay Russell,"Frankie Muniz,Kevin Bacon,Diane Lane,Luke Wilson",6.0,0.056943,34.134641,7.0
2000,78,Where the Heart Is,tt0198021,rl1014728193,2000-04-28,Twentieth Century Fox,PG-13,"Comedy,Drama,Romance",2,Matt Williams,"Natalie Portman,James Frain,Ashley Judd,Stockard Channing",15.0,8.292939,33.772838,6.8
2000,79,"Dude, Where's My Car?",tt0242423,rl4065232385,2000-12-15,Twentieth Century Fox,PG-13,"Comedy,Mystery,Sci-Fi",83,Danny Leiner,"Ashton Kutcher,Seann William Scott,Jennifer Garner,Marla Sokoloff",13.0,13.845914,46.7298,5.5
2000,80,Pay It Forward,tt0223897,rl896042497,2000-10-20,Warner Bros.,PG-13,Drama,123,Mimi Leder,"Kevin Spacey,Haley Joel Osment,Helen Hunt,Jay Mohr",40.0,9.631359,33.519628,7.2
2001,1,Harry Potter and the Sorcerer's Stone,tt0241527,rl1416332801,2001-11-16,Warner Bros.,PG,"Adventure,Family,Fantasy",152,Chris Columbus,"Daniel Radcliffe,Rupert Grint,Richard Harris,Maggie Smith",125.0,90.294621,317.57555,7.6
2001,2,Shrek,tt0126029,rl7439873,2001-05-16,DreamWorks Distribution,PG,"Adventure,Animation,Comedy,Family,Fantasy",90,Andrew Adamson,"Mike Myers,Eddie Murphy,Cameron Diaz,John Lithgow",60.0,42.34776,267.665011,7.8
2001,3,"Monsters, Inc.",tt0198781,rl2070251009,2001-11-02,Walt Disney Studios,G,"Adventure,Animation,Comedy,Family,Fantasy",92,Pete Docter,"Billy Crystal,John Goodman,Mary Gibbs,Steve Buscemi",115.0,62.577067,255.87325,8.0
2001,4,Rush Hour 2,tt0266915,rl795837953,2001-08-03,New Line Cinema,PG-13,"Action,Comedy,Crime,Thriller",90,Brett Ratner,"Jackie Chan,Chris Tucker,John Lone,Ziyi Zhang",90.0,67.408222,226.164286,6.6
2001,5,The Mummy Returns,tt0209163,rl3580200449,2001-05-04,Universal Pictures,PG-13,"Action,Adventure,Fantasy,Thriller",130,Stephen Sommers,"Brendan Fraser,Rachel Weisz,John Hannah,Arnold Vosloo",98.0,68.139035,202.019785,6.3
2001,6,Pearl Harbor,tt0213149,rl543720961,2001-05-25,Walt Disney Studios,PG-13,"Action,Drama,History,Romance,War",183,Michael Bay,"Ben Affleck,Kate Beckinsale,Josh Hartnett,William Lee Scott",140.0,59.078912,198.542554,6.2
2001,7,Jurassic Park III,tt0163025,rl3210577409,2001-07-18,Universal Pictures,PG-13,"Action,Adventure,Sci-Fi,Thriller",92,Joe Johnston,"Sam Neill,William H. Macy,Téa Leoni,Alessandro Nivola",93.0,50.771645,181.171875,5.9
2001,8,Planet of the Apes,tt0133152,rl3379070465,2001-07-27,Twentieth Century Fox,PG-13,"Action,Adventure,Sci-Fi,Thriller",119,Tim Burton,"Mark Wahlberg,Helena Bonham Carter,Tim Roth,Michael Clarke Duncan",100.0,68.53296,180.01174,5.7
2001,9,Hannibal,tt0212985,rl357991937,2001-02-09,Metro-Goldwyn-Mayer (MGM),R,"Crime,Drama,Thriller",131,Ridley Scott,"Anthony Hopkins,Julianne Moore,Gary Oldman,Ray Liotta",87.0,58.003121,165.092268,6.8
2001,10,The Lord of the Rings: The Fellowship of the Ring,tt0120737,rl4200695297,2001-12-19,New Line Cinema,PG-13,"Action,Adventure,Drama,Fantasy",178,Peter Jackson,"Elijah Wood,Ian McKellen,Orlando Bloom,Sean Bean",93.0,47.21149,313.364114,8.8
2001,11,American Pie 2,tt0252866,rl2604893697,2001-08-10,Universal Pictures,R,Comedy,108,J.B. Rogers,"Jason Biggs,Seann William Scott,Shannon Elizabeth,Alyson Hannigan",30.0,45.117985,145.103595,6.4
2001,12,The Fast and the Furious,tt0232500,rl928220673,2001-06-22,Universal Pictures,PG-13,"Action,Crime,Thriller",106,Rob Cohen,"Vin Diesel,Paul Walker,Michelle Rodriguez,Jordana Brewster",38.0,40.089015,144.533925,6.8
2001,13,Ocean's Eleven,tt0240772,rl409372161,2001-12-07,Warner Bros.,PG-13,"Crime,Thriller",116,Steven Soderbergh,"George Clooney,Brad Pitt,Julia Roberts,Matt Damon",85.0,38.107822,183.41715,7.7
2001,14,Lara Croft: Tomb Raider,tt0146316,rl1767867905,2001-06-15,Paramount Pictures,PG-13,"Action,Adventure,Fantasy,Thriller",100,Simon West,"Angelina Jolie,Jon Voight,Iain Glen,Noah Taylor",115.0,47.735743,131.16807,5.8
2001,18,Dr. Dolittle 2,tt0240462,rl1112442369,2001-06-22,Twentieth Century Fox,PG,"Comedy,Family,Fantasy",87,Steve Carr,"Eddie Murphy,Cedric the Entertainer,Kristen Wilson,Raven-Symoné",70.0,25.037039,112.952899,4.7
2001,19,Spy Kids,tt0227538,rl1903396353,2001-03-30,Miramax,PG,"Action,Adventure,Comedy,Family,Sci-Fi",88,Robert Rodriguez,"Alexa PenaVega,Daryl Sabara,Antonio Banderas,Carla Gugino",35.0,26.546881,112.719001,5.5
2001,20,The Princess Diaries,tt0247638,rl4033578497,2001-08-03,Walt Disney Studios,G,"Comedy,Family,Romance",111,Garry Marshall,"Julie Andrews,Anne Hathaway,Hector Elizondo,Heather Matarazzo",26.0,22.862269,108.248956,6.3
2001,21,The Others,tt0230600,rl711558657,2001-08-10,Miramax,PG-13,"Horror,Mystery,Thriller",101,Alejandro Amenábar,"Nicole Kidman,Christopher Eccleston,Fionnula Flanagan,Alakina Mann",17.0,14.089952,96.522687,7.6
2001,22,Legally Blonde,tt0250494,rl861832705,2001-07-13,Metro-Goldwyn-Mayer (MGM),,"Comedy,Romance",96,Robert Luketic,"Reese Witherspoon,Luke Wilson,Selma Blair,Matthew Davis",18.0,20.377426,96.520674,6.3
2001,23,America's Sweethearts,tt0265029,rl2940438017,2001-07-20,Revolution Studios,PG-13,"Comedy,Romance",102,Joe Roth,"Julia Roberts,John Cusack,Billy Crystal,Catherine Zeta-Jones",46.0,30.181877,93.607673,5.7
2001,24,Cats & Dogs,tt0239395,rl2370340353,2001-07-04,Warner Bros.,PG,"Action,Comedy,Family,Fantasy",87,Lawrence Guterman,"Alec Baldwin,Tobey Maguire,Jeff Goldblum,Elizabeth Perkins",60.0,21.707617,93.385515,5.1
2001,25,Save the Last Dance,tt0206275,rl2641331713,2001-01-12,Paramount Pictures,PG-13,"Drama,Music,Romance",112,Thomas Carter,"Julia Stiles,Sean Patrick Thomas,Kerry Washington,Fredro Starr",13.0,23.44493,91.057006,6.2
2001,26,Atlantis: The Lost Empire,tt0230011,rl3628238337,2001-06-08,Walt Disney Studios,PG,"Action,Adventure,Animation,Family,Fantasy,Sci-Fi",95,Gary Trousdale,"Michael J. Fox,Jim Varney,Corey Burton,Claudia Christian",120.0,0.329011,84.056472,6.9
2001,27,A.I. Artificial Intelligence,tt0212720,rl2504033793,2001-06-29,Warner Bros.,PG-13,"Drama,Sci-Fi",146,Steven Spielberg,"Haley Joel Osment,Jude Law,Frances O'Connor,Sam Robards",100.0,29.35263,78.616689,7.2
2001,28,Training Day,tt0139654,rl1165460993,2001-10-05,Warner Bros.,R,"Crime,Drama,Thriller",122,Antoine Fuqua,"Denzel Washington,Ethan Hawke,Scott Glenn,Tom Berenger",45.0,22.550788,76.631907,7.7
2001,29,Along Came a Spider,tt0164334,rl2101577217,2001-04-06,Paramount Pictures,R,"Drama,Thriller",104,Lee Tamahori,"Morgan Freeman,Michael Wincott,Monica Potter,Dylan Baker",60.0,16.712407,74.078174,6.4
2001,31,Bridget Jones's Diary,tt0243155,rl340362753,2001-04-13,Miramax,R,"Comedy,Drama,Romance",97,Sharon Maguire,"Renée Zellweger,Colin Firth,Hugh Grant,Gemma Jones",25.0,10.733933,71.543427,6.7
2001,32,Scary Movie 2,tt0257106,rl4050617857,2001-07-04,Miramax,R,"Comedy,Horror",83,Keenen Ivory Wayans,"Anna Faris,Marlon Wayans,Antony Acker,Mark Barrett",45.0,20.503356,71.308997,5.3
2001,33,The Score,tt0227445,rl3698296321,2001-07-13,Paramount Pictures,R,"Crime,Drama,Thriller",124,Frank Oz,"Robert De Niro,Edward Norton,Marlon Brando,Angela Bassett",68.0,19.018807,71.107711,6.8
2001,34,Swordfish,tt0244244,rl141919745,2001-06-08,Warner Bros.,R,"Action,Crime,Thriller",99,Dominic Sena,"John Travolta,Hugh Jackman,Halle Berry,Don Cheadle",102.0,18.145632,69.772969,6.5
2001,35,Vanilla Sky,tt0259711,rl209290753,2001-12-14,Paramount Pictures,R,"Fantasy,Mystery,Romance,Sci-Fi,Thriller",136,Cameron Crowe,"Tom Cruise,Penélope Cruz,Cameron Diaz,Kurt Russell",68.0,25.015518,100.618344,6.9
2001,36,Shallow Hal,tt0256380,rl2238612993,2001-11-09,Twentieth Century Fox,PG-13,"Comedy,Drama,Fantasy,Romance",114,Bobby Farrelly,"Jack Black,Gwyneth Paltrow,Jason Alexander,Joe Viterelli",40.0,22.518295,70.839203,5.9
2001,38,The Mexican,tt0236493,rl1516406273,2001-03-02,DreamWorks Distribution,R,"Adventure,Comedy,Crime,Romance",123,Gore Verbinski,"Brad Pitt,Julia Roberts,James Gandolfini,J.K. Simmons",57.0,20.108829,66.845033,6.1
2001,40,Down to Earth,tt0231775,rl1984857601,2001-02-16,Paramount Pictures,PG-13,"Comedy,Fantasy",87,Chris Weitz,"Chris Rock,Regina King,Chazz Palminteri,Eugene Levy",49.0,17.268883,64.186502,5.5
2001,41,Spy Game,tt0266987,rl2138277377,2001-11-21,Universal Pictures,R,"Action,Crime,Thriller",126,Tony Scott,"Robert Redford,Brad Pitt,Catherine McCormack,Stephen Dillane",115.0,21.689125,62.36256,7.1
2001,42,The Wedding Planner,tt0209475,rl1131972097,2001-01-26,Sony Pictures Releasing,PG-13,"Comedy,Romance",103,Adam Shankman,"Jennifer Lopez,Matthew McConaughey,Bridgette Wilson-Sampras,Justin Chambers",35.0,13.510293,60.400856,5.3
2001,43,The Animal,tt0255798,rl1044547073,2001-06-01,Revolution Studios,PG-13,"Comedy,Sci-Fi",84,Luke Greenfield,"Rob Schneider,Colleen Haskell,John C. McGinley,Edward Asner",47.0,19.61052,57.743062,4.8
2001,44,Moulin Rouge!,tt0203009,rl2942666241,2001-05-18,Twentieth Century Fox,PG-13,"Drama,Musical,Romance",127,Baz Luhrmann,"Nicole Kidman,Ewan McGregor,John Leguizamo,Jim Broadbent",50.0,0.16754,57.386607,7.6
2001,45,Rat Race,tt0250687,rl879592961,2001-08-17,Paramount Pictures,PG-13,"Adventure,Comedy",112,Jerry Zucker,"Breckin Meyer,Amy Smart,Whoopi Goldberg,Vince Vieluf",48.0,11.662094,56.618055,6.4
2001,46,A Knight's Tale,tt0183790,rl2270987777,2001-05-11,Sony Pictures Releasing,PG-13,"Action,Adventure,Romance",132,Brian Helgeland,"Heath Ledger,Mark Addy,Rufus Sewell,Shannyn Sossamon",65.0,16.511391,56.569702,6.9
2001,47,Don't Say a Word,tt0260866,rl625903105,2001-09-28,Twentieth Century Fox,R,"Drama,Mystery,Thriller",113,Gary Fleder,"Michael Douglas,Sean Bean,Brittany Murphy,Skye McCole Bartusiak",50.0,17.090474,55.001642,6.3
2001,48,Blow,tt0221027,rl893814273,2001-04-06,New Line Cinema,R,"Biography,Crime,Drama",124,Ted Demme,"Johnny Depp,Penélope Cruz,Franka Potente,Rachel Griffiths",53.0,12.443461,52.990775,7.6
2001,49,Exit Wounds,tt0242445,rl1733330433,2001-03-16,Warner Bros.,R,"Action,Crime,Thriller",101,Andrzej Bartkowiak,"Steven Seagal,DMX,Isaiah Washington,Anthony Anderson",50.0,18.485586,51.758599,5.6
2001,50,Enemy at the Gates,tt0215750,rl4082206209,2001-03-16,Paramount Pictures,R,"Drama,History,War",131,Jean-Jacques Annaud,"Jude Law,Ed Harris,Joseph Fiennes,Rachel Weisz",68.0,13.810266,51.401758,7.6
2001,51,K-PAX,tt0272152,rl3982263809,2001-10-26,Universal Pictures,PG-13,"Drama,Mystery,Sci-Fi",2,Iain Softley,"Kevin Spacey,Jeff Bridges,Mary McCormack,Alfre Woodard",68.0,17.215275,50.338485,7.4
2001,52,Behind Enemy Lines,tt0159273,rl1380222465,2001-11-30,Twentieth Century Fox,PG-13,"Action,Drama,Thriller,War",106,John Moore,"Gene Hackman,Owen Wilson,Gabriel Macht,Charles Malik Whitfield",40.0,18.736133,58.85679,6.4
2001,53,Serendipity,tt0240890,rl1550747137,2001-10-05,Miramax,PG-13,"Comedy,Romance",90,Peter Chelsom,"John Cusack,Kate Beckinsale,Jeremy Piven,Bridget Moynahan",28.0,13.309241,50.294317,6.9
2001,55,Jimmy Neutron: Boy Genius,tt0268397,rl173901313,2001-12-21,Paramount Pictures,,"Action,Adventure,Animation,Comedy,Family,Sci-Fi",82,John A. Davis,"Debi Derryberry,Rob Paulsen,Megan Cavanagh,Mark DeCarlo",30.0,13.832786,80.936232,6.0
2001,56,Zoolander,tt0196229,rl897418753,2001-09-28,Paramount Pictures,PG-13,Comedy,90,Ben Stiller,"Ben Stiller,Owen Wilson,Christine Taylor,Will Ferrell",28.0,15.525043,45.17225,6.5
2001,57,Domestic Disturbance,tt0249478,rl860784129,2001-11-02,Paramount Pictures,PG-13,"Crime,Mystery,Thriller",89,Harold Becker,"John Travolta,Nick Loren,Matt O'Leary,Ruben Santiago-Hudson",75.0,14.033112,45.246095,5.6
2001,59,The One,tt0267804,rl141854209,2001-11-02,Revolution Studios,PG-13,"Action,Sci-Fi,Thriller",87,James Wong,"Jet Li,Carla Gugino,Delroy Lindo,Jason Statham",49.0,19.112404,43.905746,5.9
2001,60,Thir13en Ghosts,tt0245674,rl507610625,2001-10-26,Warner Bros.,R,"Horror,Thriller",91,Steve Beck,"Tony Shalhoub,Shannon Elizabeth,Embeth Davidtz,Matthew Lillard",42.0,15.165355,41.86796,5.6
2001,61,Bandits,tt0219965,rl2655356417,2001-10-12,Metro-Goldwyn-Mayer (MGM),PG-13,"Comedy,Crime,Drama,Romance",123,Barry Levinson,"Bruce Willis,Billy Bob Thornton,Cate Blanchett,Troy Garity",75.0,13.0507,41.575141,6.5
2001,62,Heartbreakers,tt0125022,rl4065756673,2001-03-23,Metro-Goldwyn-Mayer (MGM),PG-13,"Comedy,Crime,Romance",123,David Mirkin,"Sigourney Weaver,Jennifer Love Hewitt,Gene Hackman,Ray Liotta",35.0,11.801323,40.336607,6.2
2001,63,Hardball,tt0180734,rl1616283137,2001-09-14,Paramount Pictures,PG-13,"Drama,Sport",106,Brian Robbins,"Keanu Reeves,Diane Lane,John Hawkes,Bryan Hearne",32.0,9.386342,40.222729,6.4
2001,64,Evolution,tt0251075,rl1984988673,2001-06-08,DreamWorks Distribution,PG-13,"Comedy,Sci-Fi",101,Ivan Reitman,"David Duchovny,Orlando Jones,Julianne Moore,Seann William Scott",80.0,13.408351,38.345494,6.1
2001,65,Jeepers Creepers,tt0263488,rl3327821313,2001-08-31,United Artists,R,"Horror,Mystery",90,Victor Salva,"Gina Philips,Justin Long,Jonathan Breck,Patricia Belcher",10.0,13.106108,37.904175,6.2
2001,67,Kiss of the Dragon,tt0271027,rl2740749825,2001-07-06,Twentieth Century Fox,R,"Action,Crime,Drama,Thriller",98,Chris Nahon,"Jet Li,Bridget Fonda,Tchéky Karyo,Ric Young",25.0,13.304027,36.845124,6.6
2001,68,Recess: School's Out,tt0265632,rl74286593,2001-02-16,Walt Disney Studios,G,"Animation,Comedy,Family",82,Chuck Sheetz,"Andrew Lawrence,Rickey D'Shon Collins,Jason Davis,Ashley Johnson",23.0,10.065873,36.706141,6.6
2001,69,Ali,tt0248667,rl3493889537,2001-12-25,Sony Pictures Releasing,R,"Biography,Drama,Sport",157,Michael Mann,"Will Smith,Jamie Foxx,Jon Voight,Mario Van Peebles",107.0,14.710892,58.203105,6.8
2001,72,See Spot Run,tt0250720,rl2087618049,2001-03-02,Warner Bros.,PG,"Action,Comedy,Crime,Family",94,John Whitesell,"David Arquette,Michael Clarke Duncan,Leslie Bibb,Joe Viterelli",35.0,9.715102,33.357476,5.4
2001,73,Driven,tt0132245,rl2756609537,2001-04-27,Warner Bros.,PG-13,"Action,Drama,Sport",116,Renny Harlin,"Sylvester Stallone,Kip Pardue,Til Schweiger,Burt Reynolds",94.0,12.174504,32.720065,4.6
2001,74,What's the Worst That Could Happen?,tt0161083,rl1652196865,2001-06-01,Metro-Goldwyn-Mayer (MGM),PG-13,"Comedy,Crime",94,Sam Weisman,"Martin Lawrence,Danny DeVito,John Leguizamo,Glenne Headly",60.0,13.049114,32.269834,5.5
2001,75,Final Fantasy: The Spirits Within,tt0173840,rl3008595457,2001-07-11,Sony Pictures Releasing,PG-13,"Action,Adventure,Animation,Fantasy,Romance,Sci-Fi",106,Hironobu Sakaguchi,"Alec Baldwin,Steve Buscemi,Ming-Na Wen,Ving Rhames",137.0,11.408853,32.13183,6.4
2001,76,Black Knight,tt0265087,rl2571601409,2001-11-21,Twentieth Century Fox,PG-13,"Adventure,Comedy,Fantasy",95,Gil Junger,"Martin Lawrence,Marsha Thomason,Tom Wilkinson,Vincent Regan",50.0,11.102948,33.426971,4.9
2001,77,From Hell,tt0120681,rl626361857,2001-10-19,Twentieth Century Fox,R,"Horror,Mystery,Thriller",122,Albert Hughes,"Johnny Depp,Heather Graham,Ian Holm,Robbie Coltrane",35.0,11.014818,31.602566,6.8
2001,78,Not Another Teen Movie,tt0277371,rl2187822593,2001-12-14,Sony Pictures Releasing,R,Comedy,89,Joel Gallen,"Chyler Leigh,Jaime Pressly,Chris Evans,Eric Christian Olsen",15.0,12.615116,38.252284,5.7
2001,80,Riding in Cars with Boys,tt0200027,rl862750209,2001-10-19,Sony Pictures Releasing,PG-13,"Biography,Comedy,Drama",132,Penny Marshall,"Drew Barrymore,Steve Zahn,Adam Garcia,Brittany Murphy",48.0,10.404652,30.165536,6.5
2002,1,Spider-Man,tt0145487,rl678659585,2002-05-03,Sony Pictures Releasing,PG-13,"Action,Adventure,Sci-Fi",121,Sam Raimi,"Tobey Maguire,Kirsten Dunst,Willem Dafoe,James Franco",139.0,114.844116,403.706375,7.3
2002,2,Star Wars: Episode II - Attack of the Clones,tt0121765,rl2809366017,2002-05-16,Twentieth Century Fox,PG,"Action,Adventure,Fantasy,Sci-Fi",142,George Lucas,"Hayden Christensen,Natalie Portman,Ewan McGregor,Christopher Lee",115.0,80.027814,302.191252,6.5
2002,3,Harry Potter and the Chamber of Secrets,tt0295297,rl1433110017,2002-11-15,Warner Bros.,PG,"Adventure,Family,Fantasy,Mystery",161,Chris Columbus,"Daniel Radcliffe,Rupert Grint,Emma Watson,Richard Harris",100.0,88.357488,261.988482,7.4
2002,4,Signs,tt0286106,rl1685161473,2002-08-02,Walt Disney Studios,PG-13,"Drama,Mystery,Sci-Fi,Thriller",106,M. Night Shyamalan,"Mel Gibson,Joaquin Phoenix,Rory Culkin,Abigail Breslin",72.0,60.11708,227.966634,6.7
2002,5,My Big Fat Greek Wedding,tt0259446,rl342132225,2002-04-19,IFC Films,PG,"Comedy,Drama,Romance",95,Joel Zwick,"Nia Vardalos,John Corbett,Michael Constantine,Christina Eleusiniotis",5.0,0.597362,241.438208,6.5
2002,6,The Lord of the Rings: The Two Towers,tt0167261,rl4032923137,2002-12-18,New Line Cinema,PG-13,"Adventure,Drama,Fantasy",179,Peter Jackson,"Elijah Wood,Ian McKellen,Viggo Mortensen,Orlando Bloom",94.0,62.007528,339.789881,8.7
2002,7,Austin Powers in Goldmember,tt0295178,rl944080385,2002-07-26,New Line Cinema,PG-13,"Action,Adventure,Comedy,Crime",94,Jay Roach,"Mike Myers,Beyoncé,Seth Green,Michael York",63.0,73.071188,213.307889,6.2
2002,8,Men in Black II,tt0120912,rl1281525249,2002-07-03,Sony Pictures Releasing,PG-13,"Action,Adventure,Comedy,Mystery,Sci-Fi",88,Barry Sonnenfeld,"Tommy Lee Jones,Will Smith,Rip Torn,Lara Flynn Boyle",140.0,52.148751,190.418803,6.2
2002,9,Ice Age,tt0268380,rl3277358593,2002-03-15,Twentieth Century Fox,PG,"Adventure,Animation,Comedy,Family,Fantasy",81,Chris Wedge,"Denis Leary,John Leguizamo,Ray Romano,Goran Visnjic",59.0,46.312454,176.387405,7.5
2002,11,Scooby-Doo,tt0267913,rl3631187457,2002-06-14,Warner Bros.,PG,"Adventure,Comedy,Family,Fantasy,Mystery",89,Raja Gosnell,"Matthew Lillard,Freddie Prinze Jr.,Sarah Michelle Gellar,Linda Cardellini",84.0,54.155312,153.294164,5.1
2002,13,Die Another Day,tt0246460,rl2974778881,2002-11-22,Metro-Goldwyn-Mayer (MGM),PG-13,"Action,Adventure,Thriller",133,Lee Tamahori,"Pierce Brosnan,Halle Berry,Rosamund Pike,Toby Stephens",142.0,47.07204,160.942139,6.1
2002,14,Lilo & Stitch,tt0275847,rl3898508801,2002-06-21,Walt Disney Studios,PG,"Adventure,Animation,Comedy,Drama,Family,Fantasy,Sci-Fi",85,Dean DeBlois,"Daveigh Chase,Chris Sanders,Tia Carrere,David Ogden Stiers",80.0,35.260212,145.794338,7.2
2002,15,xXx,tt0295701,rl1450870273,2002-08-09,Revolution Studios,PG-13,"Action,Adventure,Thriller",124,Rob Cohen,"Vin Diesel,Asia Argento,Marton Csokas,Samuel L. Jackson",70.0,44.506103,142.109382,5.9
2002,16,The Santa Clause 2,tt0304669,rl1097827841,2002-11-01,Walt Disney Studios,,"Comedy,Family,Fantasy",104,Michael Lembeck,"Tim Allen,Spencer Breslin,Elizabeth Mitchell,Eric Lloyd",65.0,29.008696,139.236327,5.6
2002,17,Minority Report,tt0181689,rl4200760833,2002-06-21,Twentieth Century Fox,PG-13,"Action,Crime,Mystery,Sci-Fi,Thriller",145,Steven Spielberg,"Tom Cruise,Colin Farrell,Samantha Morton,Max von Sydow",102.0,35.677125,132.072926,7.6
2002,18,The Ring,tt0298130,rl476874241,2002-10-18,DreamWorks Distribution,PG-13,"Horror,Mystery",115,Gore Verbinski,"Naomi Watts,Martin Henderson,Brian Cox,David Dorfman",48.0,15.015393,129.128133,7.1
2002,19,Mr. Deeds,tt0280590,rl2540013057,2002-06-28,Sony Pictures Releasing,PG-13,"Comedy,Romance",96,Steven Brill,"Adam Sandler,Winona Ryder,John Turturro,Allen Covert",50.0,37.162787,126.293452,5.8
2002,20,Sweet Home Alabama,tt0256415,rl846562817,2002-09-27,Walt Disney Studios,PG-13,"Comedy,Romance",108,Andy Tennant,"Reese Witherspoon,Patrick Dempsey,Josh Lucas,Candice Bergen",30.0,35.64874,127.223418,6.2
2002,21,The Bourne Identity,tt0258463,rl2286323201,2002-06-14,Universal Pictures,PG-13,"Action,Mystery,Thriller",119,Doug Liman,"Franka Potente,Matt Damon,Chris Cooper,Clive Owen",60.0,27.11864,121.661683,7.9
2002,22,The Sum of All Fears,tt0164184,rl2675082753,2002-05-31,Paramount Pictures,PG-13,"Action,Drama,Thriller,War",124,Phil Alden Robinson,"Ben Affleck,Morgan Freeman,Ian Mongrain,Russell Bobbitt",68.0,31.178526,118.907036,6.4
2002,23,8 Mile,tt0298203,rl3326182913,2002-11-08,Universal Pictures,R,"Drama,Music",110,Curtis Hanson,"Eminem,Brittany Murphy,Kim Basinger,Mekhi Phifer",41.0,51.240555,116.750901,7.1
2002,25,Road to Perdition,tt0257044,rl1668056577,2002-07-12,DreamWorks Distribution,R,"Crime,Drama,Thriller",117,Sam Mendes,"Tom Hanks,Tyler Hoechlin,Rob Maxey,Liam Aiken",80.0,22.079481,104.454762,7.7
2002,26,Panic Room,tt0258000,rl3077146113,2002-03-29,Sony Pictures Releasing,R,"Crime,Drama,Thriller",112,David Fincher,"Jodie Foster,Kristen Stewart,Forest Whitaker,Dwight Yoakam",48.0,30.056751,96.397334,6.8
2002,27,Red Dragon,tt0289765,rl1819117057,2002-10-04,Universal Pictures,R,"Crime,Drama,Thriller",124,Brett Ratner,"Anthony Hopkins,Edward Norton,Ralph Fiennes,Harvey Keitel",78.0,36.540945,93.149898,7.2
2002,28,The Scorpion King,tt0277296,rl3731850753,2002-04-19,Universal Pictures,PG-13,"Action,Adventure,Fantasy",92,Chuck Russell,"Dwayne Johnson,Steven Brand,Michael Clarke Duncan,Kelly Hu",60.0,36.075875,91.047077,5.5
2002,29,Spy Kids 2: Island of Lost Dreams,tt0287717,rl1920173569,2002-08-07,Dimension Films,PG,"Action,Adventure,Comedy,Family,Sci-Fi",100,Robert Rodriguez,"Alexa PenaVega,Daryl Sabara,Antonio Banderas,Carla Gugino",38.0,16.711716,85.846429,5.1
2002,30,Blade II,tt0187738,rl2152171009,2002-03-22,New Line Cinema,R,"Action,Fantasy,Horror,Sci-Fi,Thriller",117,Guillermo del Toro,"Wesley Snipes,Kris Kristofferson,Ron Perlman,Leonor Varela",54.0,32.528016,82.348319,6.7
2002,31,Snow Dogs,tt0281373,rl91260417,2002-01-18,Walt Disney Studios,PG,"Adventure,Comedy,Family,Sport",99,Brian Levant,"Cuba Gooding Jr.,James Coburn,Sisqó,Nichelle Nichols",33.0,17.814259,81.17256,5.2
2002,32,We Were Soldiers,tt0277434,rl2339931649,2002-03-01,Paramount Pictures,R,"Action,Drama,History,War",138,Randall Wallace,"Mel Gibson,Madeleine Stowe,Greg Kinnear,Sam Elliott",75.0,20.212543,78.122718,7.2
2002,33,Barbershop,tt0303714,rl4182083073,2002-09-13,Metro-Goldwyn-Mayer (MGM),PG-13,"Comedy,Drama",102,Tim Story,"Ice Cube,Cedric the Entertainer,Eve,Anthony Anderson",12.0,20.627433,75.782105,6.3
2002,34,The Rookie,tt0265662,rl2204927489,2002-03-29,Walt Disney Studios,,"Drama,Family,Sport",127,John Lee Hancock,"Dennis Quaid,J.D. Evermore,Rachel Griffiths,Jay Hernandez",22.0,16.021684,75.600072,6.9
2002,35,Spirit: Stallion of the Cimarron,tt0166813,rl410224129,2002-05-24,DreamWorks Distribution,G,"Adventure,Animation,Drama,Family,Western",83,Kelly Asbury,"Matt Damon,James Cromwell,Daniel Studi,Chopper Bernet",80.0,17.770036,73.280117,7.1
2002,36,John Q,tt0251160,rl1683850753,2002-02-15,New Line Cinema,PG-13,"Crime,Drama,Thriller",116,Nick Cassavetes,"Denzel Washington,Robert Duvall,Gabriela Oltean,Kimberly Elise",36.0,20.275194,71.756802,7.1
2002,37,Divine Secrets of the Ya-Ya Sisterhood,tt0279778,rl3847194113,2002-06-07,Warner Bros.,PG-13,Drama,116,Callie Khouri,"Sandra Bullock,Ellen Burstyn,Fionnula Flanagan,James Garner",27.0,16.167412,69.599016,6.1
2002,38,Insomnia,tt0278504,rl3294332417,2002-05-24,Warner Bros.,R,"Drama,Mystery,Thriller",118,Christopher Nolan,"Al Pacino,Robin Williams,Hilary Swank,Martin Donovan",46.0,20.930169,67.355513,7.2
2002,39,Changing Lanes,tt0264472,rl1011582465,2002-04-12,Paramount Pictures,R,"Drama,Thriller",98,Roger Michell,"Ben Affleck,Samuel L. Jackson,Kim Staunton,Toni Collette",45.0,17.128062,66.818548,6.4
2002,40,Stuart Little 2,tt0243585,rl1416791553,2002-07-19,Sony Pictures Releasing,PG,"Adventure,Animation,Comedy,Family,Fantasy",77,Rob Minkoff,"Michael J. Fox,Geena Davis,Hugh Laurie,Jonathan Lipnicki",120.0,15.115152,64.956806,5.5
2002,41,Jackass: The Movie,tt0322802,rl2405074433,2002-10-25,Paramount Pictures,R,"Action,Comedy,Documentary",87,Jeff Tremaine,"Johnny Knoxville,Bam Margera,Chris Pontius,Steve-O",5.0,22.763437,64.255312,6.6
2002,42,Catch Me If You Can,tt0264464,rl2672330241,2002-12-25,DreamWorks Distribution,PG-13,"Biography,Crime,Drama",141,Steven Spielberg,"Leonardo DiCaprio,Tom Hanks,Christopher Walken,Martin Sheen",52.0,30.053627,164.615351,8.1
2002,43,Maid in Manhattan,tt0252076,rl2355136001,2002-12-13,Revolution Studios,PG-13,"Comedy,Drama,Romance",105,Wayne Wang,"Jennifer Lopez,Ralph Fiennes,Natasha Richardson,Stanley Tucci",55.0,18.711407,94.011225,5.3
2002,44,The Time Machine,tt0268695,rl4000613889,2002-03-08,DreamWorks Distribution,PG-13,"Action,Adventure,Sci-Fi",96,Simon Wells,"Guy Pearce,Yancey Arias,Mark Addy,Phyllida Law",80.0,22.610437,56.832494,6.0
2002,45,The Count of Monte Cristo,tt0245844,rl2823456257,2002-01-25,Walt Disney Studios,PG-13,"Action,Adventure,Drama,Thriller",131,Kevin Reynolds,"Jim Caviezel,Guy Pearce,Christopher Adamson,JB Blanc",35.0,11.37615,54.234062,7.8
2002,46,Unfaithful,tt0250797,rl4269180417,2002-05-08,Twentieth Century Fox,R,"Drama,Romance,Thriller",124,Adrian Lyne,"Richard Gere,Diane Lane,Olivier Martinez,Erik Per Sullivan",50.0,14.065277,52.775765,6.7
2002,47,Like Mike,tt0308506,rl2220787201,2002-07-03,Twentieth Century Fox,PG,"Comedy,Family,Fantasy,Sport",99,John Schultz,"Shad Moss,Jonathan Lipnicki,Morris Chestnut,Brenda Song",30.0,12.17942,51.43276,5.3
2002,49,The Tuxedo,tt0290095,rl511084033,2002-09-27,DreamWorks Distribution,PG-13,"Action,Comedy,Sci-Fi",98,Kevin Donovan,"Jackie Chan,Jennifer Love Hewitt,Jason Isaacs,Debi Mazar",60.0,15.051028,50.547998,5.4
2002,50,Two Weeks Notice,tt0313737,rl1568048641,2002-12-20,Warner Bros.,PG-13,"Comedy,Romance",101,Marc Lawrence,"Sandra Bullock,Hugh Grant,Alicia Witt,Dana Ivey",60.0,14.328494,93.354851,6.1
2002,51,Peter Pan 2: Return to Never Land,tt0280030,rl4134372865,2002-02-15,Walt Disney Studios,G,"Adventure,Animation,Family,Fantasy",72,Robin Budd,"Blayne Weaver,Harriet Owen,Corey Burton,Jeff Bennett",20.0,11.889631,48.430258,5.8
2002,52,Big Fat Liar,tt0265298,rl273122817,2002-02-08,Universal Pictures,PG,"Adventure,Comedy,Family",88,Shawn Levy,"Frankie Muniz,Amanda Bynes,Paul Giamatti,Amanda Detmer",15.0,11.554015,48.360547,5.4
2002,54,Reign of Fire,tt0253556,rl3211625985,2002-07-12,Walt Disney Studios,PG-13,"Action,Adventure,Fantasy,Thriller",101,Rob Bowman,"Matthew McConaughey,Christian Bale,Izabella Scorupco,Gerard Butler",60.0,15.632281,43.061982,6.2
2002,55,High Crimes,tt0257756,rl1398375937,2002-04-05,Twentieth Century Fox,PG-13,"Crime,Drama,Mystery,Thriller",115,Carl Franklin,"Jim Caviezel,Morgan Freeman,Ashley Judd,Adam Scott",42.0,14.00555,41.543917,6.4
2002,56,About a Boy,tt0276751,rl658540033,2002-05-17,Universal Pictures,PG-13,"Comedy,Drama,Romance",101,Chris Weitz,"Hugh Grant,Nicholas Hoult,Toni Collette,Sharon Small",30.0,8.55763,41.385278,7.0
2002,57,A Walk to Remember,tt0281358,rl457541121,2002-01-25,Warner Bros.,PG,"Drama,Romance",101,Adam Shankman,"Mandy Moore,Shane West,Peter Coyote,Daryl Hannah",11.8,12.177488,41.281092,7.4
2002,58,Orange County,tt0273923,rl3429271041,2002-01-11,Paramount Pictures,PG-13,"Comedy,Drama",82,Jake Kasdan,"Colin Hanks,Jack Black,Schuyler Fisk,Bret Harrison",18.0,15.053226,41.076018,6.2
2002,59,Windtalkers,tt0245562,rl2608563713,2002-06-14,Metro-Goldwyn-Mayer (MGM),R,"Action,Drama,War",134,John Woo,"Nicolas Cage,Adam Beach,Peter Stormare,Noah Emmerich",115.0,14.520412,40.914068,6.1
2002,61,Blue Crush,tt0300532,rl591824385,2002-08-16,Universal Pictures,PG-13,"Drama,Romance,Sport",104,John Stockwell,"Kate Bosworth,Michelle Rodriguez,Matthew Davis,Sanoe Lake",25.0,14.169455,40.390647,5.6
2002,62,The Master of Disguise,tt0295427,rl2472773121,2002-08-02,Revolution Studios,PG,"Adventure,Comedy,Family,Fantasy",80,Perry Andelin Blake,"Dana Carvey,Jennifer Esposito,Harold Gould,James Brolin",16.0,12.55465,40.388794,3.3
2002,64,Resident Evil,tt0120804,rl2372765185,2002-03-15,Screen Gems,R,"Action,Horror,Sci-Fi",100,Paul W.S. Anderson,"Milla Jovovich,Michelle Rodriguez,Ryan McCluskey,Oscar Pearce",33.0,17.707106,40.119709,6.7
2002,65,Collateral Damage,tt0233469,rl1347061249,2002-02-08,Warner Bros.,R,"Action,Drama,Thriller",108,Andrew Davis,"Arnold Schwarzenegger,John Leguizamo,Francesca Neri,Elias Koteas",85.0,15.058432,40.077257,5.5
2002,66,Enough,tt0278435,rl3813770753,2002-05-24,Sony Pictures Releasing,PG-13,"Crime,Drama,Thriller",115,Michael Apted,"Jennifer Lopez,Billy Campbell,Tessa Allen,Juliette Lewis",38.0,14.009653,40.007742,5.8
2002,67,Drumline,tt0303933,rl2320401921,2002-12-13,Twentieth Century Fox,PG-13,"Comedy,Drama,Music,Romance",118,Charles Stone III,"Nick Cannon,Zoe Saldana,Orlando Jones,Leonard Roberts",20.0,12.604705,56.399184,5.8
2002,68,Undercover Brother,tt0279493,rl2792785409,2002-05-31,Universal Pictures,PG-13,"Action,Comedy",86,Malcolm D. Lee,"Eddie Griffin,Denise Richards,Aunjanue Ellis,Chris Kattan",25.0,12.037685,39.089928,5.8
2002,69,Showtime,tt0284490,rl259098113,2002-03-15,Warner Bros.,PG-13,"Action,Comedy,Crime",95,Tom Dey,"Robert De Niro,Eddie Murphy,Rene Russo,Rachael Harris",85.0,15.01143,38.082712,5.5
2002,70,40 Days and 40 Nights,tt0243736,rl2252441089,2002-03-01,Miramax,R,"Comedy,Romance",96,Michael Lehmann,"Josh Hartnett,Shannyn Sossamon,Paulo Costanzo,Adam Trese",17.0,12.229529,37.950822,5.6
2002,71,Crossroads,tt0275022,rl2722989569,2002-02-15,Paramount Pictures,PG-13,"Comedy,Drama,Romance",93,Tamra Davis,"Britney Spears,Anson Mount,Zoe Saldana,Taryn Manning",12.0,14.527187,37.191304,3.5
2002,72,Clockstoppers,tt0157472,rl457868801,2002-03-29,Paramount Pictures,PG,"Action,Adventure,Comedy,Sci-Fi,Thriller",94,Jonathan Frakes,"Jesse Bradford,French Stewart,Paula Garcés,Michael Biehn",26.0,10.108333,36.989956,5.2
2002,73,The Mothman Prophecies,tt0265349,rl2825225729,2002-01-25,Screen Gems,PG-13,"Drama,Horror,Mystery,Thriller",119,Mark Pellington,"Richard Gere,Laura Linney,David Eigenberg,Bob Tracey",32.0,11.208851,35.74637,6.4
2002,74,Star Trek: Nemesis,tt0253754,rl2859697665,2002-12-13,Paramount Pictures,PG-13,"Action,Adventure,Sci-Fi,Thriller",116,Stuart Baird,"Patrick Stewart,Jonathan Frakes,Brent Spiner,LeVar Burton",60.0,18.513305,43.254409,6.4
2002,77,K-19: The Widowmaker,tt0267626,rl4133324289,2002-07-19,Paramount Pictures,PG-13,"Drama,History,Thriller,War",138,Kathryn Bigelow,"Harrison Ford,Sam Spruell,Peter Stebbings,Christian Camargo",100.0,12.778459,35.168966,6.7
2002,78,Gangs of New York,tt0217505,rl1129678337,2002-12-20,Miramax,R,"Crime,Drama",167,Martin Scorsese,"Leonardo DiCaprio,Cameron Diaz,Daniel Day-Lewis,Jim Broadbent",100.0,9.1,77.812,7.5
2002,80,Treasure Planet,tt0133240,rl2759296513,2002-11-27,Walt Disney Studios,PG,"Adventure,Animation,Family,Sci-Fi",95,Ron Clements,"Joseph Gordon-Levitt,Emma Thompson,Martin Short,Roscoe Lee Browne",140.0,12.083248,38.176783,7.2
2003,1,Finding Nemo,tt0266543,rl2723382785,2003-05-30,Walt Disney Studios,,"Adventure,Animation,Comedy,Family",100,Andrew Stanton,"Albert Brooks,Ellen DeGeneres,Alexander Gould,Willem Dafoe",94.0,70.25171,339.714978,8.1
2003,2,Pirates of the Caribbean: The Curse of the Black Pearl,tt0325980,rl4134045185,2003-07-09,Walt Disney Studios,PG-13,"Action,Adventure,Fantasy",143,Gore Verbinski,"Johnny Depp,Geoffrey Rush,Orlando Bloom,Keira Knightley",140.0,46.63069,305.413918,8.0
2003,3,The Matrix Reloaded,tt0234215,rl4167271937,2003-05-15,Warner Bros.,R,"Action,Sci-Fi",138,Lana Wachowski,"Keanu Reeves,Laurence Fishburne,Carrie-Anne Moss,Hugo Weaving",150.0,91.774413,281.576461,7.2
2003,4,The Lord of the Rings: The Return of the King,tt0167260,rl4251026945,2003-12-17,New Line Cinema,PG-13,"Adventure,Drama,Fantasy",201,Peter Jackson,"Elijah Wood,Viggo Mortensen,Ian McKellen,Orlando Bloom",94.0,72.629713,377.027325,8.9
2003,5,Bruce Almighty,tt0315327,rl3142157825,2003-05-23,Universal Pictures,PG-13,"Comedy,Drama,Fantasy",101,Tom Shadyac,"Jim Carrey,Jennifer Aniston,Morgan Freeman,Philip Baker Hall",81.0,67.95333,242.829261,6.8
2003,6,X2: X-Men United,tt0290334,rl1736082945,2003-05-02,Twentieth Century Fox,PG-13,"Action,Sci-Fi,Thriller",134,Bryan Singer,"Patrick Stewart,Hugh Jackman,Halle Berry,Ian McKellen",110.0,85.558731,214.949694,7.4
2003,7,Elf,tt0319343,rl1263633921,2003-11-07,New Line Cinema,PG,"Comedy,Family,Fantasy,Romance",97,Jon Favreau,"Will Ferrell,James Caan,Bob Newhart,Zooey Deschanel",33.0,32.1,173.398518,6.9
2003,9,Terminator 3: Rise of the Machines,tt0181852,rl3413476865,2003-07-02,Warner Bros.,R,"Action,Sci-Fi",109,Jonathan Mostow,"Arnold Schwarzenegger,Nick Stahl,Kristanna Loken,Claire Danes",200.0,44.04144,150.371112,6.3
2003,10,Bad Boys II,tt0172156,rl1732609537,2003-07-18,Sony Pictures Releasing,R,"Action,Comedy,Crime,Thriller",147,Michael Bay,"Will Smith,Martin Lawrence,Gabrielle Union,Jordi Mollà",130.0,46.52256,138.608444,6.6
2003,11,The Matrix Revolutions,tt0242653,rl4234380801,2003-11-05,Warner Bros.,R,"Action,Sci-Fi",129,Lana Wachowski,"Keanu Reeves,Laurence Fishburne,Carrie-Anne Moss,Hugo Weaving",150.0,48.475154,139.313948,6.8
2003,12,Anger Management,tt0305224,rl3259205121,2003-04-11,Revolution Studios,PG-13,Comedy,106,Peter Segal,"Jack Nicholson,Adam Sandler,Marisa Tomei,Luis Guzmán",75.0,42.220847,135.645823,6.3
2003,13,Bringing Down the House,tt0305669,rl2068416001,2003-03-07,Walt Disney Studios,PG-13,Comedy,105,Adam Shankman,"Steve Martin,Queen Latifah,Eugene Levy,Joan Plowright",33.0,31.101026,132.716677,5.6
2003,14,Hulk,tt0286716,rl2488829441,2003-06-20,Universal Pictures,PG-13,"Action,Sci-Fi",138,Ang Lee,"Eric Bana,Jennifer Connelly,Sam Elliott,Josh Lucas",137.0,62.12842,132.177234,5.6
2003,15,2 Fast 2 Furious,tt0322259,rl1178699265,2003-06-06,Universal Pictures,PG-13,"Action,Crime,Thriller",107,John Singleton,"Paul Walker,Tyrese Gibson,Cole Hauser,Eva Mendes",76.0,50.47248,127.154901,5.9
2003,17,Seabiscuit,tt0329575,rl3312420353,2003-07-25,Universal Pictures,PG-13,"Drama,History,Sport",140,Gary Ross,"Tobey Maguire,Jeff Bridges,Elizabeth Banks,Chris Cooper",87.0,20.854735,120.277854,7.3
2003,18,S.W.A.T.,tt0257076,rl3279062529,2003-08-08,Sony Pictures Releasing,PG-13,"Action,Adventure,Crime,Thriller",117,Clark Johnson,"Samuel L. Jackson,Colin Farrell,Michelle Rodriguez,LL Cool J",80.0,37.062535,116.93465,6.0
2003,19,Spy Kids 3-D: Game Over,tt0338459,rl1936950785,2003-07-25,Dimension Films,PG,"Action,Adventure,Comedy,Family,Sci-Fi",84,Robert Rodriguez,"Daryl Sabara,Alexa PenaVega,Antonio Banderas,Carla Gugino",38.0,32.5,111.761982,4.3
2003,20,Freaky Friday,tt0322330,rl4048717313,2003-08-06,Walt Disney Studios,PG,"Comedy,Family,Fantasy,Music,Romance",97,Mark Waters,"Jamie Lee Curtis,Lindsay Lohan,Mark Harmon,Harold Gould",20.0,22.203007,110.230332,6.1
2003,21,Scary Movie 3,tt0306047,rl4067395073,2003-10-24,Dimension Films,PG-13,"Comedy,Horror",84,David Zucker,"Anna Faris,Charlie Sheen,Regina Hall,Pamela Anderson",48.0,49.7,110.003217,5.5
2003,22,The Italian Job,tt0317740,rl3210380801,2003-05-30,Paramount Pictures,PG-13,"Action,Crime,Thriller",111,F. Gary Gray,"Donald Sutherland,Mark Wahlberg,Edward Norton,Charlize Theron",60.0,19.457944,106.128601,7.0
2003,23,How to Lose a Guy in 10 Days,tt0251127,rl2925037057,2003-02-07,Paramount Pictures,PG-13,"Comedy,Romance",116,Donald Petrie,"Kate Hudson,Matthew McConaughey,Adam Goldberg,Kathryn Hahn",50.0,23.77485,105.813373,6.4
2003,24,American Wedding,tt0328828,rl2319681025,2003-08-01,Universal Pictures,R,Comedy,96,Jesse Dylan,"Jason Biggs,Alyson Hannigan,Seann William Scott,Eugene Levy",55.0,33.36944,104.565114,6.3
2003,25,Daddy Day Care,tt0317303,rl3729622529,2003-05-09,Revolution Studios,PG,"Comedy,Family",92,Steve Carr,"Eddie Murphy,Jeff Garlin,Anjelica Huston,Steve Zahn",60.0,27.62358,104.297061,5.6
2003,26,Daredevil,tt0287978,rl424445441,2003-02-14,Twentieth Century Fox,PG-13,"Action,Crime",103,Mark Steven Johnson,"Ben Affleck,Jennifer Garner,Colin Farrell,Michael Clarke Duncan",78.0,40.310419,102.543518,5.3
2003,28,Charlie's Angels: Full Throttle,tt0305357,rl793478657,2003-06-27,Sony Pictures Releasing,PG-13,"Action,Adventure,Comedy,Crime",106,McG,"Drew Barrymore,Lucy Liu,Cameron Diaz,Bernie Mac",120.0,37.634221,100.830111,4.9
2003,29,The Cat in the Hat,tt0312528,rl2303231489,2003-11-21,Universal Pictures,PG,"Adventure,Comedy,Family,Fantasy",82,Bo Welch,"Mike Myers,Spencer Breslin,Dakota Fanning,Alec Baldwin",109.0,38.32916,101.149285,3.9
2003,30,Legally Blonde 2,tt0333780,rl878609921,2003-07-02,Metro-Goldwyn-Mayer (MGM),PG-13,Comedy,95,Charles Herman-Wurmfeld,"Reese Witherspoon,Sally Field,Bob Newhart,Regina King",45.0,22.22067,90.186328,4.8
2003,31,Freddy vs. Jason,tt0329101,rl3914499585,2003-08-15,New Line Cinema,R,"Action,Horror",97,Ronny Yu,"Robert Englund,Ken Kirzinger,Kelly Rowland,Monica Keena",30.0,36.4,82.622655,5.7
2003,32,Brother Bear,tt0328880,rl1212777985,2003-10-24,Walt Disney Studios,,"Adventure,Animation,Comedy,Family,Fantasy",85,Aaron Blaise,"Joaquin Phoenix,Jeremy Suarez,Rick Moranis,Jason Raize",128.0,0.29194,85.336277,6.8
2003,33,Master and Commander: The Far Side of the World,tt0311113,rl2439218689,2003-11-14,Twentieth Century Fox,PG-13,"Action,Adventure,Drama,History,War",138,Peter Weir,"Russell Crowe,Paul Bettany,Billy Boyd,James D'Arcy",150.0,25.10599,93.92792,7.4
2003,34,The Texas Chainsaw Massacre,tt0324216,rl2373289473,2003-10-17,New Line Cinema,R,Horror,98,Marcus Nispel,"Jessica Biel,Jonathan Tucker,Andrew Bryniarski,Erica Leerhsen",9.5,29.1,80.571655,6.2
2003,35,School of Rock,tt0332379,rl3782182401,2003-10-03,Paramount Pictures,PG-13,"Comedy,Music",109,Richard Linklater,"Jack Black,Mike White,Joan Cusack,Adam Pascal",35.0,19.622714,81.261177,7.1
2003,36,The Last Samurai,tt0325710,rl2640283137,2003-12-05,Warner Bros.,R,"Action,Drama,War",154,Edward Zwick,"Tom Cruise,Ken Watanabe,Billy Connolly,William Atherton",140.0,24.271354,111.127263,7.7
2003,37,Old School,tt0302886,rl1667663361,2003-02-21,DreamWorks Distribution,R,Comedy,88,Todd Phillips,"Luke Wilson,Vince Vaughn,Will Ferrell,Jeremy Piven",24.0,17.453216,75.585093,7.1
2003,38,Kill Bill: Vol. 1,tt0266697,rl2103215617,2003-10-10,Miramax,R,"Action,Crime,Thriller",111,Quentin Tarantino,"Uma Thurman,David Carradine,Daryl Hannah,Michael Madsen",30.0,22.2,70.099045,8.1
2003,39,Holes,tt0311289,rl4166616577,2003-04-18,Walt Disney Studios,PG,"Adventure,Comedy,Drama,Family,Mystery",117,Andrew Davis,"Shia LaBeouf,Sigourney Weaver,Jon Voight,Tim Blake Nelson",20.0,16.300155,67.406573,7.0
2003,40,The Haunted Mansion,tt0338094,rl2690024961,2003-11-26,Walt Disney Studios,PG,"Comedy,Family,Fantasy,Horror,Mystery",99,Rob Minkoff,"Eddie Murphy,Marsha Thomason,Jennifer Tilly,Terence Stamp",90.0,24.27841,75.847266,5.0
2003,41,Kangaroo Jack,tt0257568,rl3546121729,2003-01-17,Warner Bros.,,"Action,Adventure,Comedy,Crime,Family",89,David McNally,"Anthony Anderson,Jerry O'Connell,Estella Warren,Christopher Walken",60.0,16.580209,66.934963,4.4
2003,42,The League of Extraordinary Gentlemen,tt0311429,rl3512698369,2003-07-11,Twentieth Century Fox,PG-13,"Action,Adventure,Fantasy,Sci-Fi",110,Stephen Norrington,"Sean Connery,Stuart Townsend,Peta Wilson,Jason Flemyng",78.0,23.075892,66.465204,5.8
2003,43,Lara Croft Tomb Raider: The Cradle of Life,tt0325703,rl846693889,2003-07-25,Paramount Pictures,PG-13,"Action,Adventure,Fantasy",117,Jan de Bont,"Angelina Jolie,Gerard Butler,Chris Barrie,Ciarán Hinds",95.0,21.783641,65.660196,5.6
2003,44,Something's Gotta Give,tt0337741,rl1299219969,2003-12-12,Sony Pictures Releasing,PG-13,"Comedy,Drama,Romance",128,Nancy Meyers,"Jack Nicholson,Diane Keaton,Keanu Reeves,Amanda Peet",80.0,16.064723,124.728738,6.7
2003,46,Shanghai Knights,tt0300471,rl4033775105,2003-02-07,Walt Disney Studios,PG-13,"Action,Adventure,Comedy",114,David Dobkin,"Jackie Chan,Owen Wilson,Fann Wong,Aaron Taylor-Johnson",50.0,19.60363,60.476872,6.2
2003,47,Open Range,tt0316356,rl3999696385,2003-08-15,Walt Disney Studios,R,"Action,Drama,Romance,Western",139,Kevin Costner,"Kevin Costner,Robert Duvall,Diego Luna,Abraham Benrubi",22.0,14.047781,58.331254,7.4
2003,48,Gothika,tt0348836,rl844596737,2003-11-21,Warner Bros.,R,"Horror,Mystery,Thriller",98,Mathieu Kassovitz,"Halle Berry,Penélope Cruz,Robert Downey Jr.,Charles S. Dutton",40.0,19.288438,59.69458,5.8
2003,49,Love Actually,tt0314331,rl3798042113,2003-11-07,Universal Pictures,R,"Comedy,Drama,Romance",135,Richard Curtis,"Hugh Grant,Martine McCutcheon,Liam Neeson,Laura Linney",40.0,6.88608,59.696144,7.6
2003,50,Once Upon a Time in Mexico,tt0285823,rl1080460801,2003-09-12,Sony Pictures Releasing,R,"Action,Crime,Thriller",102,Robert Rodriguez,"Antonio Banderas,Salma Hayek,Johnny Depp,Willem Dafoe",29.0,23.424118,56.35978,6.4
2003,51,Just Married,tt0305711,rl4233987585,2003-01-10,Twentieth Century Fox,PG-13,"Comedy,Romance",95,Shawn Levy,"Ashton Kutcher,Brittany Murphy,Christian Kane,David Moscow",18.0,17.548993,56.127162,5.5
2003,52,Cheaper by the Dozen,tt0349205,rl239830529,2003-12-25,Twentieth Century Fox,PG,"Comedy,Family",98,Shawn Levy,"Steve Martin,Bonnie Hunt,Hilary Duff,Piper Perabo",40.0,27.557647,138.614544,5.9
2003,53,Mystic River,tt0327056,rl1214547457,2003-10-08,Warner Bros.,R,"Crime,Drama,Mystery,Thriller",138,Clint Eastwood,"Sean Penn,Tim Robbins,Kevin Bacon,Emmy Rossum",25.0,0.640815,90.135191,7.9
2003,54,Bad Santa,tt0307987,rl1078298113,2003-11-26,Dimension Films,R,"Comedy,Crime,Drama",92,Terry Zwigoff,"Billy Bob Thornton,Bernie Mac,Lauren Graham,John Ritter",23.0,12.5,60.060328,7.0
2003,55,The Recruit,tt0292506,rl2020443649,2003-01-31,Walt Disney Studios,PG-13,"Action,Thriller",115,Roger Donaldson,"Al Pacino,Colin Farrell,Bridget Moynahan,Gabriel Macht",46.0,16.302063,52.80214,6.6
2003,56,Identity,tt0309698,rl760972801,2003-04-25,Sony Pictures Releasing,R,"Mystery,Thriller",90,James Mangold,"John Cusack,Ray Liotta,Amanda Peet,John Hawkes",28.0,16.225263,52.159536,7.3
2003,57,Underworld,tt0320691,rl2188805633,2003-09-19,Screen Gems,R,"Action,Fantasy,Thriller",121,Len Wiseman,"Kate Beckinsale,Scott Speedman,Shane Brolly,Michael Sheen",22.0,21.753759,51.97069,7.0
2003,58,Radio,tt0316465,rl2204796417,2003-10-24,Revolution Studios,PG,"Biography,Drama,Sport",109,Michael Tollin,"Cuba Gooding Jr.,Ed Harris,Debra Winger,S. Epatha Merkerson",35.0,13.303724,52.333738,6.9
2003,59,Runaway Jury,tt0313542,rl946832897,2003-10-17,Twentieth Century Fox,PG-13,"Crime,Drama,Thriller",127,Gary Fleder,"John Cusack,Rachel Weisz,Gene Hackman,Dustin Hoffman",60.0,11.836705,49.443628,7.1
2003,60,Agent Cody Banks,tt0313911,rl2755692033,2003-03-14,Metro-Goldwyn-Mayer (MGM),PG,"Action,Adventure,Comedy,Crime,Family,Romance,Thriller",102,Harald Zwart,"Frankie Muniz,Hilary Duff,Andrew Francis,Angie Harmon",28.0,14.064317,47.93833,5.0
2003,61,The Jungle Book 2,tt0283426,rl2640152065,2003-02-14,Walt Disney Studios,,"Adventure,Animation,Family,Musical",72,Steve Trenbirth,"John Goodman,Haley Joel Osment,Tony Jay,Mae Whitman",20.0,11.441733,47.901582,5.4
2003,62,The Rundown,tt0327850,rl997164545,2003-09-26,Universal Pictures,PG-13,"Action,Adventure,Comedy,Thriller",104,Peter Berg,"Dwayne Johnson,Seann William Scott,Christopher Walken,Rosario Dawson",85.0,18.553765,47.726342,6.7
2003,63,Final Destination 2,tt0309593,rl3209922049,2003-01-31,New Line Cinema,R,"Horror,Thriller",90,David R. Ellis,"A.J. Cook,Ali Larter,Tony Todd,Michael Landes",26.0,16.2,46.961214,6.2
2003,64,Phone Booth,tt0183649,rl2959640065,2003-04-04,Twentieth Century Fox,R,"Crime,Thriller",81,Joel Schumacher,"Colin Farrell,Kiefer Sutherland,Forest Whitaker,Radha Mitchell",13.0,15.021088,46.566212,7.0
2003,65,28 Days Later...,tt0289043,rl1262585345,2003-06-27,Fox Searchlight Pictures,R,"Drama,Horror,Sci-Fi,Thriller",113,Danny Boyle,"Cillian Murphy,Naomie Harris,Christopher Eccleston,Alex Palmer",8.0,10.061858,45.064915,7.6
2003,66,Tears of the Sun,tt0314353,rl2239071745,2003-03-07,Revolution Studios,R,"Action,Drama,Thriller,War",121,Antoine Fuqua,"Bruce Willis,Cole Hauser,Monica Bellucci,Eamonn Walker",75.0,17.057213,43.734876,6.6
2003,68,Under the Tuscan Sun,tt0328589,rl4168517121,2003-09-26,Walt Disney Studios,PG-13,"Comedy,Drama,Romance",113,Audrey Wells,"Diane Lane,Raoul Bova,Sandra Oh,Lindsay Duncan",18.0,9.751425,43.610723,6.8
2003,70,The Lizzie McGuire Movie,tt0306841,rl258049537,2003-05-02,Walt Disney Studios,PG,"Adventure,Comedy,Family,Music,Romance",94,Jim Fall,"Hilary Duff,Adam Lamberg,Clayton Snyder,Hallie Todd",17.0,17.338755,42.734455,5.5
2003,71,Secondhand Lions,tt0327137,rl577668609,2003-09-19,New Line Cinema,PG,"Comedy,Drama,Family",111,Tim McCanlies,"Haley Joel Osment,Michael Caine,Robert Duvall,Kyra Sedgwick",30.0,12.9,42.070939,7.5
2003,73,Out of Time,tt0313443,rl2087290369,2003-10-03,Metro-Goldwyn-Mayer (MGM),PG-13,"Crime,Drama,Mystery,Thriller",105,Carl Franklin,"Denzel Washington,Sanaa Lathan,Eva Mendes,Dean Cain",50.0,16.185316,41.088845,6.5
2003,74,Rugrats Go Wild,tt0337711,rl3614213633,2003-06-13,Paramount Pictures,PG,"Adventure,Animation,Comedy,Family,Fantasy,Musical",80,John Eng,"Jodi Carlisle,Lacey Chabert,Tim Curry,Elizabeth Daily",25.0,11.556869,39.402572,5.6
2003,75,Mona Lisa Smile,tt0304415,rl409306625,2003-12-19,Revolution Studios,PG-13,Drama,117,Mike Newell,"Julia Roberts,Kirsten Dunst,Julia Stiles,Maggie Gyllenhaal",65.0,11.528498,63.860942,6.5
2003,76,Head of State,tt0325537,rl2388035073,2003-03-28,DreamWorks Distribution,PG-13,Comedy,95,Chris Rock,"Chris Rock,Bernie Mac,Lynn Whitfield,Dylan Baker",35.2,13.503484,38.125247,5.5
2003,77,Good Boy,tt0326900,rl4065625601,2003-10-10,Metro-Goldwyn-Mayer (MGM),PG,"Comedy,Drama,Family,Fantasy,Sci-Fi",88,John Hoffman,"Liam Aiken,Matthew Broderick,Molly Shannon,Kevin Nealon",18.0,13.107022,37.667746,5.1
2003,78,Uptown Girls,tt0263757,rl1031374337,2003-08-15,Metro-Goldwyn-Mayer (MGM),PG-13,"Comedy,Drama,Romance",92,Boaz Yakin,"Brittany Murphy,Dakota Fanning,Heather Locklear,Jesse Spencer",20.0,11.277367,37.182494,6.1
2003,79,Matchstick Men,tt0325805,rl2187560449,2003-09-12,Warner Bros.,PG-13,"Comedy,Crime,Drama,Thriller",116,Ridley Scott,"Nicolas Cage,Alison Lohman,Sam Rockwell,Bruce Altman",62.0,13.087307,36.90646,7.3
2004,1,Shrek 2,tt0298148,rl24217089,2004-05-19,DreamWorks Distribution,PG,"Adventure,Animation,Comedy,Family,Fantasy,Romance",93,Andrew Adamson,"Mike Myers,Eddie Murphy,Cameron Diaz,Julie Andrews",150.0,108.037878,441.226247,7.2
2004,2,Spider-Man 2,tt0316654,rl896763393,2004-06-30,Sony Pictures Releasing,PG-13,"Action,Adventure,Sci-Fi",127,Sam Raimi,"Tobey Maguire,Kirsten Dunst,Alfred Molina,James Franco",200.0,88.156227,373.585825,7.3
2004,3,The Passion of the Christ,tt0335345,rl3781789185,2004-02-25,Newmarket Films,R,Drama,127,Mel Gibson,"Jim Caviezel,Monica Bellucci,Maia Morgenstern,Christo Jivkov",30.0,83.848082,370.274604,7.2
2004,4,Harry Potter and the Prisoner of Azkaban,tt0304141,rl1449887233,2004-06-04,Warner Bros.,PG,"Adventure,Family,Fantasy,Mystery",142,Alfonso Cuarón,"Daniel Radcliffe,Emma Watson,Rupert Grint,Richard Griffiths",130.0,93.687367,249.541069,7.9
2004,5,The Incredibles,tt0317705,rl2807793153,2004-11-05,Walt Disney Studios,,"Action,Adventure,Animation,Family",115,Brad Bird,"Craig T. Nelson,Samuel L. Jackson,Holly Hunter,Jason Lee",92.0,70.467623,261.441092,8.0
2004,6,The Day After Tomorrow,tt0319262,rl1716291073,2004-05-28,Twentieth Century Fox,PG-13,"Action,Adventure,Sci-Fi,Thriller",124,Roland Emmerich,"Dennis Quaid,Jake Gyllenhaal,Emmy Rossum,Dash Mihok",125.0,68.743584,186.740799,6.4
2004,7,The Bourne Supremacy,tt0372183,rl2487649793,2004-07-23,Universal Pictures,PG-13,"Action,Mystery,Thriller",108,Paul Greengrass,"Matt Damon,Franka Potente,Joan Allen,Brian Cox",75.0,52.521865,176.241941,7.7
2004,8,Shark Tale,tt0307453,rl3933111809,2004-10-01,DreamWorks Distribution,PG,"Adventure,Animation,Comedy,Family,Fantasy",90,Bibo Bergeron,"Will Smith,Robert De Niro,Renée Zellweger,Angelina Jolie",75.0,47.604606,160.861908,6.0
2004,9,The Polar Express,tt0338348,rl292259329,2004-11-10,Warner Bros.,,"Adventure,Animation,Comedy,Family,Fantasy,Musical",100,Robert Zemeckis,"Tom Hanks,Chris Coppola,Michael Jeter,Leslie Zemeckis",165.0,23.323463,162.775358,6.6
2004,10,National Treasure,tt0368891,rl2321843713,2004-11-19,Walt Disney Studios,PG,"Action,Adventure,Mystery,Thriller",131,Jon Turteltaub,"Nicolas Cage,Diane Kruger,Justin Bartha,Sean Bean",100.0,35.142554,173.008894,6.9
2004,11,"I, Robot",tt0343818,rl1616545281,2004-07-16,Twentieth Century Fox,PG-13,"Action,Drama,Sci-Fi,Thriller",115,Alex Proyas,"Will Smith,Bridget Moynahan,Bruce Greenwood,Alan Tudyk",120.0,52.179887,144.801023,7.1
2004,12,Troy,tt0332452,rl3698820609,2004-05-14,Warner Bros.,R,"Drama,History",163,Wolfgang Petersen,"Brad Pitt,Eric Bana,Orlando Bloom,Julian Glover",175.0,46.865412,133.378256,7.2
2004,13,Meet the Fockers,tt0290002,rl862094849,2004-12-22,Universal Pictures,PG-13,"Comedy,Romance",115,Jay Roach,"Ben Stiller,Robert De Niro,Blythe Danner,Teri Polo",80.0,46.12098,279.26116,6.3
2004,15,50 First Dates,tt0343660,rl3963717121,2004-02-13,Sony Pictures Releasing,PG-13,"Comedy,Drama,Romance",99,Peter Segal,"Adam Sandler,Drew Barrymore,Rob Schneider,Sean Astin",75.0,39.852237,120.908074,6.8
2004,16,Van Helsing,tt0338526,rl175736321,2004-05-07,Universal Pictures,PG-13,"Action,Adventure,Fantasy",131,Stephen Sommers,"Hugh Jackman,Kate Beckinsale,Richard Roxburgh,Shuler Hensley",160.0,51.74804,120.177084,6.1
2004,17,Fahrenheit 9/11,tt0361596,rl2672854529,2004-06-23,Lionsgate,R,"Documentary,Drama,War",122,Michael Moore,"Michael Moore,George W. Bush,Ben Affleck,Stevie Wonder",6.0,23.920637,119.194771,7.5
2004,18,Dodgeball,tt0364725,rl3578758657,2004-06-18,Twentieth Century Fox,PG-13,"Comedy,Sport",92,Rawson Marshall Thurber,"Ben Stiller,Christine Taylor,Vince Vaughn,Rip Torn",20.0,30.070196,114.326736,6.7
2004,19,The Village,tt0368447,rl1132037633,2004-07-30,Walt Disney Studios,PG-13,"Drama,Mystery,Thriller",108,M. Night Shyamalan,"Sigourney Weaver,William Hurt,Joaquin Phoenix,Bryce Dallas Howard",60.0,50.746142,114.19752,6.5
2004,20,The Grudge,tt0391198,rl2639758849,2004-10-22,Sony Pictures Releasing,PG-13,"Horror,Mystery,Thriller",91,Takashi Shimizu,"Sarah Michelle Gellar,Jason Behr,Clea DuVall,William Mapother",10.0,39.128715,110.359362,5.9
2004,21,Collateral,tt0369339,rl1078625793,2004-08-06,DreamWorks Distribution,R,"Crime,Drama,Thriller",2,Michael Mann,"Tom Cruise,Jamie Foxx,Jada Pinkett Smith,Mark Ruffalo",65.0,24.701458,101.005703,7.5
2004,22,Ocean's Twelve,tt0349903,rl426149377,2004-12-10,Warner Bros.,PG-13,"Crime,Thriller",125,Steven Soderbergh,"George Clooney,Brad Pitt,Julia Roberts,Catherine Zeta-Jones",110.0,39.15338,125.54428,6.5
2004,23,The Princess Diaries 2: Royal Engagement,tt0368933,rl4285236737,2004-08-11,Walt Disney Studios,,"Comedy,Family,Romance",113,Garry Marshall,"Anne Hathaway,Callum Blue,Julie Andrews,Hector Elizondo",40.0,22.956453,95.170481,5.8
2004,24,Starsky & Hutch,tt0335438,rl3161687553,2004-03-05,Warner Bros.,PG-13,"Comedy,Crime",101,Todd Phillips,"Ben Stiller,Owen Wilson,Snoop Dogg,Vince Vaughn",60.0,28.103367,88.237754,6.1
2004,25,Along Came Polly,tt0343135,rl2084800001,2004-01-16,Universal Pictures,PG-13,"Comedy,Romance",90,John Hamburg,"Ben Stiller,Jennifer Aniston,Debra Messing,Philip Seymour Hoffman",42.0,27.721185,88.097164,6.0
2004,26,Mean Girls,tt0377092,rl3395520001,2004-04-30,Paramount Pictures,PG-13,Comedy,97,Mark Waters,"Lindsay Lohan,Jonathan Bennett,Rachel McAdams,Tina Fey",17.0,24.432195,86.058055,7.0
2004,27,Anchorman: The Legend of Ron Burgundy,tt0357413,rl3628303873,2004-07-09,DreamWorks Distribution,PG-13,Comedy,94,Adam McKay,"Will Ferrell,Christina Applegate,Steve Carell,Paul Rudd",26.0,28.416365,85.288303,7.2
2004,28,Lemony Snicket's A Series of Unfortunate Events,tt0339291,rl358516225,2004-12-17,Paramount Pictures,PG,"Adventure,Comedy,Family,Fantasy",108,Brad Silberling,"Jim Carrey,Jude Law,Meryl Streep,Liam Aiken",140.0,30.061756,118.634549,6.8
2004,29,Scooby-Doo 2: Monsters Unleashed,tt0331632,rl3647964673,2004-03-26,Warner Bros.,PG,"Adventure,Comedy,Family,Fantasy,Horror,Mystery,Sci-Fi",93,Raja Gosnell,"Freddie Prinze Jr.,Sarah Michelle Gellar,Matthew Lillard,Linda Cardellini",80.0,29.438331,84.216833,5.1
2004,31,The SpongeBob SquarePants Movie,tt0345950,rl175343105,2004-11-19,Paramount Pictures,PG,"Adventure,Animation,Comedy,Family,Fantasy",87,Stephen Hillenburg,"Tom Kenny,Jeffrey Tambor,Rodger Bumpass,Carolyn Lawrence",30.0,32.018216,85.417988,7.1
2004,32,The Notebook,tt0332280,rl4201088513,2004-06-25,New Line Cinema,PG-13,"Drama,Romance",123,Nick Cassavetes,"Gena Rowlands,James Garner,Rachel McAdams,Ryan Gosling",29.0,13.464745,81.001787,7.8
2004,33,Alien vs. Predator,tt0370263,rl776308225,2004-08-13,Twentieth Century Fox,PG-13,"Action,Adventure,Horror,Sci-Fi,Thriller",101,Paul W.S. Anderson,"Sanaa Lathan,Lance Henriksen,Raoul Bova,Ewen Bremner",60.0,38.291056,80.282231,5.6
2004,34,Man on Fire,tt0328107,rl526616065,2004-04-21,Twentieth Century Fox,R,"Action,Crime,Drama,Thriller",146,Tony Scott,"Denzel Washington,Christopher Walken,Dakota Fanning,Radha Mitchell",70.0,22.75149,77.911774,7.7
2004,35,The Terminal,tt0362227,rl3463808513,2004-06-18,DreamWorks Distribution,PG-13,"Comedy,Drama,Romance",128,Steven Spielberg,"Tom Hanks,Catherine Zeta-Jones,Chi McBride,Stanley Tucci",60.0,19.053199,77.872883,7.4
2004,36,Garfield,tt0356634,rl3025503745,2004-06-11,Twentieth Century Fox,PG,"Animation,Comedy,Family,Fantasy",80,Peter Hewitt,"Breckin Meyer,Jennifer Love Hewitt,Stephen Tobolowsky,Bill Murray",50.0,21.727611,75.369589,5.0
2004,37,Ladder 49,tt0349710,rl1046447617,2004-10-01,Walt Disney Studios,PG-13,"Action,Drama,Thriller",115,Jay Russell,"Joaquin Phoenix,John Travolta,Jacinda Barrett,Robert Patrick",55.0,22.088204,74.541707,6.5
2004,38,Christmas with the Kranks,tt0388419,rl2806744577,2004-11-24,Revolution Studios,PG,"Comedy,Family",99,Joe Roth,"Tim Allen,Jamie Lee Curtis,Dan Aykroyd,M. Emmet Walsh",60.0,21.570867,73.780539,5.4
2004,39,Ray,tt0350258,rl695043585,2004-10-29,Universal Pictures,PG-13,"Biography,Drama,Music",152,Taylor Hackford,"Jamie Foxx,Regina King,Kerry Washington,Clifton Powell",40.0,20.03973,75.3316,7.7
2004,40,White Chicks,tt0381707,rl578520577,2004-06-23,Sony Pictures Releasing,PG-13,"Comedy,Crime",109,Keenen Ivory Wayans,"Marlon Wayans,Shawn Wayans,Busy Philipps,Maitland Ward",37.0,19.676748,70.83176,5.6
2004,42,Hidalgo,tt0317648,rl1633256961,2004-03-05,Walt Disney Studios,PG-13,"Action,Adventure,Biography,Drama,Sport,Western",136,Joe Johnston,"Viggo Mortensen,Omar Sharif,Zuleikha Robinson,Louise Lombard",100.0,18.829435,67.30345,6.7
2004,43,The Forgotten,tt0356618,rl1246922241,2004-09-24,Revolution Studios,PG-13,"Drama,Mystery,Sci-Fi,Thriller",91,Joseph Ruben,"Julianne Moore,Dominic West,Christopher Kovaleski,Matthew Pleszewicz",42.0,21.022111,67.133509,5.8
2004,44,Kill Bill: Vol. 2,tt0378194,rl2119992833,2004-04-16,Miramax,R,"Action,Crime,Thriller",137,Quentin Tarantino,"Uma Thurman,David Carradine,Michael Madsen,Daryl Hannah",30.0,25.6,66.208183,8.0
2004,45,The Manchurian Candidate,tt0368008,rl3412100609,2004-07-30,Paramount Pictures,R,"Drama,Mystery,Sci-Fi,Thriller",129,Jonathan Demme,"Denzel Washington,Liev Schreiber,Meryl Streep,Kimberly Elise",80.0,20.01862,65.95563,6.6
2004,46,Barbershop 2: Back in Business,tt0337579,rl2269480449,2004-02-06,Metro-Goldwyn-Mayer (MGM),PG-13,"Comedy,Drama",106,Kevin Rodney Sullivan,"Ice Cube,Cedric the Entertainer,Eve,Queen Latifah",30.0,24.241612,65.111277,5.7
2004,47,Miracle,tt0349825,rl4284646913,2004-02-06,Walt Disney Studios,PG,"Biography,Drama,History,Sport",135,Gavin O'Connor,"Kurt Russell,Patricia Clarkson,Nathan West,Noah Emmerich",28.0,19.377577,64.378093,7.5
2004,49,Friday Night Lights,tt0390022,rl1029015041,2004-10-08,Universal Pictures,PG-13,"Action,Drama,Sport",118,Peter Berg,"Billy Bob Thornton,Jay Hernandez,Derek Luke,Lucas Black",30.0,20.269025,61.255921,7.2
2004,50,Hellboy,tt0167190,rl827950593,2004-04-02,Revolution Studios,PG-13,"Action,Fantasy,Horror",122,Guillermo del Toro,"Ron Perlman,Doug Jones,Selma Blair,John Hurt",66.0,23.17244,59.623958,6.8
2004,52,The Stepford Wives,tt0327162,rl3782444545,2004-06-11,Paramount Pictures,PG-13,"Comedy,Horror,Sci-Fi,Thriller",93,Frank Oz,"Nicole Kidman,Bette Midler,Matthew Broderick,Glenn Close",90.0,21.406781,59.484742,5.3
2004,53,Dawn of the Dead,tt0363547,rl1665959425,2004-03-19,Universal Pictures,R,"Action,Horror",101,Zack Snyder,"Sarah Polley,Ving Rhames,Mekhi Phifer,Jake Weber",26.0,26.722575,59.020957,7.3
2004,54,Without a Paddle,tt0364751,rl3984295425,2004-08-20,Paramount Pictures,PG-13,"Adventure,Comedy,Mystery",95,Steven Brill,"Matthew Lillard,Seth Green,Dax Shepard,Matthew Price",19.0,13.528946,58.169327,5.9
2004,55,The Butterfly Effect,tt0289879,rl3511256577,2004-01-23,New Line Cinema,R,"Drama,Sci-Fi,Thriller",113,Eric Bress,"Ashton Kutcher,Amy Smart,Melora Walters,Elden Henson",13.0,17.1,57.938693,7.6
2004,56,The Chronicles of Riddick,tt0296572,rl2521531905,2004-06-11,Universal Pictures,R,"Action,Adventure,Sci-Fi,Thriller",119,David Twohy,"Vin Diesel,Judi Dench,Colm Feore,Thandie Newton",105.0,24.289165,57.761012,6.7
2004,57,13 Going on 30,tt0337563,rl524387841,2004-04-23,Revolution Studios,PG-13,"Comedy,Fantasy,Romance",98,Gary Winick,"Jennifer Garner,Mark Ruffalo,Judy Greer,Andy Serkis",37.0,21.054283,57.231747,6.2
2004,58,Shall We Dance,tt0358135,rl4167992833,2004-10-15,Miramax,PG-13,"Comedy,Drama,Music,Romance",106,Peter Chelsom,"Richard Gere,Jennifer Lopez,Susan Sarandon,Stanley Tucci",50.0,11.6,57.89046,6.1
2004,59,Saw,tt0387564,rl2289010177,2004-10-29,Lionsgate,R,"Horror,Mystery",103,James Wan,"Cary Elwes,Leigh Whannell,Danny Glover,Ken Leung",1.2,18.276468,55.185045,7.6
2004,61,King Arthur,tt0349683,rl1365018113,2004-07-07,Walt Disney Studios,PG-13,"Action,Adventure,Drama,History,War",126,Antoine Fuqua,"Clive Owen,Stephen Dillane,Keira Knightley,Ioan Gruffudd",120.0,15.193907,51.882244,6.3
2004,62,A Cinderella Story,tt0356470,rl4249585153,2004-07-16,Warner Bros.,PG,"Comedy,Family,Romance",95,Mark Rosman,"Hilary Duff,Chad Michael Murray,Jennifer Coolidge,Dan Byrd",19.0,13.62335,51.438175,5.9
2004,63,Resident Evil: Apocalypse,tt0318627,rl2171438593,2004-09-10,Screen Gems,R,"Action,Horror,Sci-Fi,Thriller",94,Alexander Witt,"Milla Jovovich,Sienna Guillory,Eric Mabius,Oded Fehr",45.0,23.036273,51.201453,6.2
2004,64,Home on the Range,tt0299172,rl3411641857,2004-04-02,Walt Disney Studios,PG,"Adventure,Animation,Comedy,Family,Music,Western",76,Will Finn,"Judi Dench,Cuba Gooding Jr.,Jennifer Tilly,Randy Quaid",110.0,13.880771,50.030461,5.4
2004,65,Secret Window,tt0363988,rl275678721,2004-03-12,Sony Pictures Releasing,PG-13,"Drama,Mystery,Thriller",96,David Koepp,"Johnny Depp,Maria Bello,John Turturro,Timothy Hutton",40.0,18.237568,48.0229,6.6
2004,66,Walking Tall,tt0351977,rl3682174465,2004-04-02,Metro-Goldwyn-Mayer (MGM),PG-13,"Action,Crime",86,Kevin Bray,"Dwayne Johnson,Ashley Scott,Johnny Knoxville,Michael Bowen",46.0,15.501114,46.437717,6.3
2004,67,Blade: Trinity,tt0359013,rl2168948225,2004-12-08,New Line Cinema,R,"Action,Adventure,Fantasy,Horror,Sci-Fi",113,David S. Goyer,"Wesley Snipes,Kris Kristofferson,Parker Posey,Ryan Reynolds",65.0,16.1,52.411906,5.9
2004,68,Napoleon Dynamite,tt0374900,rl2556724737,2004-06-11,Fox Searchlight Pictures,PG,Comedy,96,Jared Hess,"Jon Heder,Efren Ramirez,Jon Gries,Aaron Ruell",0.4,0.116666,44.540956,6.9
2004,69,Exorcist: The Beginning,tt0204313,rl1515226625,2004-08-20,Warner Bros.,R,"Horror,Mystery,Thriller",114,Renny Harlin,"Stellan Skarsgård,Izabella Scorupco,James D'Arcy,Remy Sweeney",80.0,18.054001,41.821986,5.1
2004,70,You Got Served,tt0365957,rl2491057665,2004-01-30,Screen Gems,PG-13,"Drama,Music",95,Chris Stokes,"Omarion,Jarell Houston,Raz B,Lil' Fizz",8.0,16.123105,40.36381,3.9
2004,71,Catwoman,tt0327554,rl2236122625,2004-07-23,Warner Bros.,PG-13,"Action,Crime,Fantasy",104,Pitof,"Halle Berry,Sharon Stone,Benjamin Bratt,Lambert Wilson",100.0,16.728411,40.202379,3.4
2004,72,The Ladykillers,tt0335245,rl778012161,2004-03-26,Walt Disney Studios,R,"Comedy,Crime,Thriller",104,Ethan Coen,"Tom Hanks,Marlon Wayans,Irma P. Hall,J.K. Simmons",35.0,12.634563,39.799191,6.2
2004,73,Bridget Jones: The Edge of Reason,tt0317198,rl357139969,2004-11-12,Universal Pictures,R,"Comedy,Drama,Romance",108,Beeban Kidron,"Renée Zellweger,Colin Firth,Hugh Grant,Gemma Jones",40.0,8.684055,40.226215,6.0
2004,74,Sky Captain and the World of Tomorrow,tt0346156,rl4000417281,2004-09-17,Paramount Pictures,PG,"Action,Adventure,Mystery,Sci-Fi,Thriller",106,Kerry Conran,"Gwyneth Paltrow,Jude Law,Angelina Jolie,Giovanni Ribisi",70.0,15.580278,37.762677,6.0
2004,75,Raising Helen,tt0350028,rl3798631937,2004-05-28,Walt Disney Studios,PG-13,"Comedy,Drama,Romance",119,Garry Marshall,"Kate Hudson,John Corbett,Joan Cusack,Hayden Panettiere",50.0,10.985597,37.486512,6.0
2004,78,Eternal Sunshine of the Spotless Mind,tt0338013,rl810583553,2004-03-19,Focus Features,R,"Drama,Romance,Sci-Fi",108,Michel Gondry,"Jim Carrey,Kate Winslet,Tom Wilkinson,Gerry Robert Byrne",20.0,8.175198,34.400301,8.3
2004,80,Alexander,tt0346491,rl3812656641,2004-11-24,Warner Bros.,R,"Action,Biography,Drama,History,War",175,Oliver Stone,"Colin Farrell,Anthony Hopkins,Rosario Dawson,Angelina Jolie",155.0,13.687087,34.297191,5.6
